Id,Position,First Name,Nickname,Last Name,FPPG,Played,Salary,Game,Team,Opponent,Injury Indicator,Injury Details,Tier,,,Roster Position
107295-64401,RB,Saquon,Saquon Barkley,Barkley,28.46666717529297,3,9700,PHI@TB,PHI,TB,,,,,,RB/FLEX
107295-85671,WR,Justin,Justin Jefferson,Jefferson,18.433333079020183,3,9400,MIN@GB,MIN,GB,,,,,,WR/FLEX
107295-62239,QB,Josh,Josh Allen,Allen,23.953333536783855,3,9200,BUF@BAL,BUF,BAL,,,,,,QB
107295-85701,WR,Ja'Marr,Ja'Marr Chase,Chase,14.833333333333334,3,9200,CIN@CAR,CIN,CAR,,,,,,WR/FLEX
107295-63115,QB,Lamar,Lamar Jackson,Jackson,23.82666778564453,3,8900,BUF@BAL,BAL,BUF,,,,,,QB
107295-86875,RB,Jordan,Jordan Mason,Mason,18.133333841959637,3,8800,NE@SF,SF,NE,,,,,,RB/FLEX
107295-63484,QB,Kyler,Kyler Murray,Murray,19.5,3,8700,WAS@ARI,ARI,WAS,,,,,,QB
107295-42104,RB,Alvin,Alvin Kamara,Kamara,26.566665649414062,3,8600,NO@ATL,NO,ATL,Q,Ribs,,,,RB/FLEX
107295-69531,QB,Jalen,Jalen Hurts,Hurts,19.393333435058594,3,8600,PHI@TB,PHI,TB,,,,,,QB
107295-57439,QB,Patrick,Patrick Mahomes,Mahomes,15.986666361490885,3,8500,KC@LAC,KC,LAC,,,,,,QB
107295-111311,WR,Rashee,Rashee Rice,Rice,19.633333841959637,3,8500,KC@LAC,KC,LAC,,,,,,WR/FLEX
107295-39280,RB,Derrick,Derrick Henry,Henry,19.866666158040363,3,8400,BUF@BAL,BAL,BUF,,,,,,RB/FLEX
107295-72846,WR,A.J.,A.J. Brown,Brown,23.399999618530273,1,8300,PHI@TB,PHI,TB,Q,Hamstring,,,,WR/FLEX
107295-136855,RB,Bijan,Bijan Robinson,Robinson,13.333333333333334,3,8300,NO@ATL,ATL,NO,Q,Shoulder,,,,RB/FLEX
107295-102785,QB,Jayden,Jayden Daniels,Daniels,23.220001220703125,3,8200,WAS@ARI,WAS,ARI,,,,,,QB
107295-152651,WR,Marvin,Marvin Harrison Jr.,Harrison Jr.,15.266666412353516,3,8200,WAS@ARI,ARI,WAS,Q,Quadriceps,,,,WR/FLEX
107295-89675,RB,Jonathan,Jonathan Taylor,Taylor,19.099999745686848,3,8200,PIT@IND,IND,PIT,,,,,,RB/FLEX
107295-79970,WR,Cooper,Cooper Kupp,Kupp,16.850000381469727,2,8100,LAR@CHI,LAR,CHI,O,Ankle,,,,WR/FLEX
107295-104433,RB,Kyren,Kyren Williams,Williams,18.900000254313152,3,8100,LAR@CHI,LAR,CHI,,,,,,RB/FLEX
107295-103064,RB,Breece,Breece Hall,Hall,17.666666666666668,3,8000,DEN@NYJ,NYJ,DEN,,,,,,RB/FLEX
107295-32384,WR,Mike,Mike Evans,Evans,9.666666666666666,3,8000,PHI@TB,TB,PHI,Q,Knee,,,,WR/FLEX
107295-63336,QB,Joe,Joe Burrow,Burrow,17.87999979654948,3,8000,CIN@CAR,CIN,CAR,,,,,,QB
107295-52442,RB,Joe,Joe Mixon,Mixon,17.399999618530273,2,7900,JAC@HOU,HOU,JAC,Q,Ankle,,,,RB/FLEX
107295-129471,QB,C.J.,C.J. Stroud,Stroud,14.919999440511068,3,7800,JAC@HOU,HOU,JAC,,,,,,QB
107295-103564,WR,Garrett,Garrett Wilson,Wilson,9.666666666666666,3,7800,DEN@NYJ,NYJ,DEN,,,,,,WR/FLEX
107295-91626,RB,James,James Cook,Cook,18.833333333333332,3,7800,BUF@BAL,BUF,BAL,,,,,,RB/FLEX
107295-91419,WR,Nico,Nico Collins,Collins,18.266666412353516,3,7700,JAC@HOU,HOU,JAC,Q,Hamstring,,,,WR/FLEX
107295-85607,QB,Brock,Brock Purdy,Purdy,18.02666727701823,3,7700,NE@SF,SF,NE,,,,,,QB
107295-45859,QB,Derek,Derek Carr,Carr,17.6999994913737,3,7600,NO@ATL,NO,ATL,,,,,,QB
107295-40442,RB,Aaron,Aaron Jones,Jones,17.166666666666668,3,7600,MIN@GB,MIN,GB,,,,,,RB/FLEX
107295-85798,WR,Brandon,Brandon Aiyuk,Aiyuk,5.799999872843425,3,7600,NE@SF,SF,NE,,,,,,WR/FLEX
107295-129315,QB,Anthony,Anthony Richardson,Richardson,15.673333485921225,3,7500,PIT@IND,IND,PIT,,,,,,QB
107295-56018,WR,Deebo,Deebo Samuel Sr.,Samuel Sr.,16.600000381469727,2,7500,NE@SF,SF,NE,D,Calf,,,,WR/FLEX
107295-83074,TE,Dallas,Dallas Goedert,Goedert,11.800000508626303,3,7500,PHI@TB,PHI,TB,,,,,,TE/FLEX
107295-40687,RB,James,James Conner,Conner,14.233333587646484,3,7500,WAS@ARI,ARI,WAS,,,,,,RB/FLEX
107295-90576,WR,DeVonta,DeVonta Smith,Smith,13.466667175292969,3,7400,PHI@TB,PHI,TB,Q,Concussion,,,,WR/FLEX
107295-41535,QB,Baker,Baker Mayfield,Mayfield,19.65999984741211,3,7400,PHI@TB,TB,PHI,,,,,,QB
107295-63589,QB,Sam,Sam Darnold,Darnold,19.926666259765625,3,7300,MIN@GB,MIN,GB,,,,,,QB
107295-55635,WR,Chris,Chris Godwin,Godwin,18.933333079020183,3,7300,PHI@TB,TB,PHI,Q,Neck,,,,WR/FLEX
107295-90562,RB,Brian,Brian Robinson Jr.,Robinson Jr.,14.566666920979818,3,7300,WAS@ARI,WAS,ARI,,,,,,RB/FLEX
107295-6894,QB,Aaron,Aaron Rodgers,Rodgers,15.2533327738444,3,7200,DEN@NYJ,NYJ,DEN,,,,,,QB
107295-69017,QB,Jordan,Jordan Love,Love,17.399999618530273,1,7200,MIN@GB,GB,MIN,Q,Knee - mcl,,,,QB
107295-87691,QB,Malik,Malik Willis,Willis,12.786666870117188,3,7200,MIN@GB,GB,MIN,,,,,,QB
107295-89956,RB,Travis,Travis Etienne Jr.,Etienne Jr.,11.566666920979818,3,7200,JAC@HOU,JAC,HOU,,,,,,RB/FLEX
107295-89981,WR,Tee,Tee Higgins,Higgins,5.400000095367432,1,7200,CIN@CAR,CIN,CAR,,,,,,WR/FLEX
107295-33076,TE,Travis,Travis Kelce,Kelce,3.6666666666666665,3,7100,KC@LAC,KC,LAC,,,,,,TE/FLEX
107295-25079,WR,Stefon,Stefon Diggs,Diggs,13.173333485921225,3,7100,JAC@HOU,HOU,JAC,,,,,,WR/FLEX
107295-152113,QB,Caleb,Caleb Williams,Williams,12.966667175292969,3,7100,LAR@CHI,CHI,LAR,,,,,,QB
107295-72731,RB,Josh,Josh Jacobs,Jacobs,10.933333079020182,3,7100,MIN@GB,GB,MIN,,,,,,RB/FLEX
107295-22038,QB,Kirk,Kirk Cousins,Cousins,12.613333384195963,3,7100,NO@ATL,ATL,NO,,,,,,QB
107295-45889,WR,Davante,Davante Adams,Adams,12.966667175292969,3,7000,CLE@LV,LV,CLE,Q,Hamstring,,,,WR/FLEX
107295-39793,TE,George,George Kittle,Kittle,11.550000190734863,2,7000,NE@SF,SF,NE,Q,Hamstring,,,,TE/FLEX
107295-69189,QB,Justin,Justin Herbert,Herbert,10.453333536783854,3,7000,KC@LAC,LAC,KC,Q,Ankle,,,,QB
107295-87787,RB,J.K.,J.K. Dobbins,Dobbins,17.96666717529297,3,7000,KC@LAC,LAC,KC,,,,,,RB/FLEX
107295-14225,QB,Andy,Andy Dalton,Dalton,13.779999732971191,2,7000,CIN@CAR,CAR,CIN,,,,,,QB
107295-70027,RB,Zack,Zack Moss,Moss,12.166666666666666,3,6900,CIN@CAR,CIN,CAR,,,,,,RB/FLEX
107295-54879,QB,Deshaun,Deshaun Watson,Watson,14.846666971842447,3,6900,CLE@LV,CLE,LV,,,,,,QB
107295-87770,WR,Chris,Chris Olave,Olave,10.166666666666666,3,6900,NO@ATL,NO,ATL,,,,,,WR/FLEX
107295-89951,QB,Trevor,Trevor Lawrence,Lawrence,11.666666666666666,3,6900,JAC@HOU,JAC,HOU,,,,,,QB
107295-61593,WR,Jauan,Jauan Jennings,Jennings,19.1999994913737,3,6800,NE@SF,SF,NE,,,,,,WR/FLEX
107295-111540,RB,Rhamondre,Rhamondre Stevenson,Stevenson,13.133333841959635,3,6800,NE@SF,NE,SF,,,,,,RB/FLEX
107295-91591,QB,Justin,Justin Fields,Fields,14.240000406901041,3,6800,PIT@IND,PIT,IND,,,,,,QB
107295-22015,QB,Russell,Russell Wilson,Wilson,17.65999959309896,15,6800,PIT@IND,PIT,IND,Q,Calf,,,,QB
107295-91750,TE,Trey,Trey McBride,McBride,8.40000025431315,3,6800,WAS@ARI,ARI,WAS,Q,Concussion,,,,TE/FLEX
107295-6654,QB,Matthew,Matthew Stafford,Stafford,12.71999994913737,3,6700,LAR@CHI,LAR,CHI,,,,,,QB
107295-112295,WR,Zay,Zay Flowers,Flowers,10.166666666666666,3,6700,BUF@BAL,BAL,BUF,,,,,,WR/FLEX
107295-112745,WR,Drake,Drake London,London,10.866666158040365,3,6600,NO@ATL,ATL,NO,,,,,,WR/FLEX
107295-90575,RB,Najee,Najee Harris,Harris,9.133333206176758,3,6600,PIT@IND,PIT,IND,,,,,,RB/FLEX
107295-102965,QB,Bo,Bo Nix,Nix,14.233333587646484,3,6600,DEN@NYJ,DEN,NYJ,,,,,,QB
107295-151794,TE,Brock,Brock Bowers,Bowers,9.566666920979818,3,6500,CLE@LV,LV,CLE,,,,,,TE/FLEX
107295-61798,QB,Gardner,Gardner Minshew II,Minshew II,13.56000010172526,3,6500,CLE@LV,LV,CLE,,,,,,QB
107295-56250,WR,Terry,Terry McLaurin,McLaurin,9.633333206176758,3,6500,WAS@ARI,WAS,ARI,,,,,,WR/FLEX
107295-87467,RB,Chuba,Chuba Hubbard,Hubbard,13.133333841959635,3,6500,CIN@CAR,CAR,CIN,,,,,,RB/FLEX
107295-63043,WR,DJ,DJ Moore,Moore,9,3,6500,LAR@CHI,CHI,LAR,,,,,,WR/FLEX
107295-31001,WR,Amari,Amari Cooper,Cooper,9.766666412353516,3,6400,CLE@LV,CLE,LV,,,,,,WR/FLEX
107295-90533,RB,Jerome,Jerome Ford,Ford,10.433333079020182,3,6400,CLE@LV,CLE,LV,Q,Knee,,,,RB/FLEX
107295-120033,WR,Rome,Rome Odunze,Odunze,9.766666412353516,3,6400,LAR@CHI,CHI,LAR,Q,Hip,,,,WR/FLEX
107295-30231,QB,Jacoby,Jacoby Brissett,Brissett,7.506666819254558,3,6400,NE@SF,NE,SF,,,,,,QB
107295-80001,RB,Austin,Austin Ekeler,Ekeler,10.299999872843424,3,6300,WAS@ARI,WAS,ARI,O,Concussion,,,,RB/FLEX
107295-90428,RB,Tyler,Tyler Allgeier,Allgeier,4.100000063578288,3,6300,NO@ATL,ATL,NO,,,,,,RB/FLEX
107295-92859,WR,Jalen,Jalen Nailor,Nailor,10.800000508626303,3,6300,MIN@GB,MIN,GB,,,,,,WR/FLEX
107295-89455,WR,Jayden,Jayden Reed,Reed,16.1999994913737,3,6300,MIN@GB,GB,MIN,Q,Calf,,,,WR/FLEX
107295-53331,QB,Taylor,Taylor Heinicke,Heinicke,0.9599999785423279,1,6200,KC@LAC,LAC,KC,,,,,,QB
107295-66008,WR,Diontae,Diontae Johnson,Johnson,10.366666793823242,3,6200,CIN@CAR,CAR,CIN,Q,Groin,,,,WR/FLEX
107295-29253,WR,Keenan,Keenan Allen,Allen,4.900000095367432,1,6200,LAR@CHI,CHI,LAR,Q,Heel,,,,WR/FLEX
107295-41562,QB,Nick,Nick Mullens,Mullens,0,1,6200,MIN@GB,MIN,GB,,,,,,QB
107295-137902,RB,Rachaad,Rachaad White,White,7.466666539510091,3,6200,PHI@TB,TB,PHI,,,,,,RB/FLEX
107295-158412,RB,Braelon,Braelon Allen,Allen,9.700000127156576,3,6200,DEN@NYJ,NYJ,DEN,,,,,,RB/FLEX
107295-158974,WR,Xavier,Xavier Worthy,Worthy,9,3,6200,KC@LAC,KC,LAC,,,,,,WR/FLEX
107295-145558,TE,Dalton,Dalton Kincaid,Kincaid,6.166666666666667,3,6100,BUF@BAL,BUF,BAL,,,,,,TE/FLEX
107295-170287,WR,Rashid,Rashid Shaheed,Shaheed,11.233333587646484,3,6100,NO@ATL,NO,ATL,,,,,,WR/FLEX
107295-89230,RB,Cam,Cam Akers,Akers,5.699999809265137,2,6100,JAC@HOU,HOU,JAC,,,,,,RB/FLEX
107295-110246,WR,George,George Pickens,Pickens,7.533333460489909,3,6100,PIT@IND,PIT,IND,,,,,,WR/FLEX
107295-30761,QB,Nathan,Nathan Peterman,Peterman,-0.10000000149011612,4,6000,NO@ATL,ATL,NO,,,,,,QB
107295-14377,QB,Tyrod,Tyrod Taylor,Taylor,6.139999866485596,1,6000,DEN@NYJ,NYJ,DEN,,,,,,QB
107295-86081,QB,Emory,Emory Jones,Jones,,0,6000,BUF@BAL,BAL,BUF,,,,,,QB
107295-90268,QB,Colby,Colby Suits,Suits,,0,6000,DEN@NYJ,NYJ,DEN,,,,,,QB
107295-86200,QB,Sean,Sean Clifford,Clifford,0.3199999928474426,4,6000,MIN@GB,GB,MIN,,,,,,QB
107295-69833,QB,Shane,Shane Buechele,Buechele,,0,6000,BUF@BAL,BUF,BAL,IR,Neck,,,,QB
107295-45259,QB,Logan,Logan Woodside,Woodside,0.3400000035762787,2,6000,CIN@CAR,CIN,CAR,,,,,,QB
107295-86265,QB,Ben,Ben Bryant,Bryant,,0,6000,DEN@NYJ,NYJ,DEN,,,,,,QB
107295-94469,QB,Andrew,Andrew Peasley,Peasley,,0,6000,DEN@NYJ,NYJ,DEN,,,,,,QB
107295-86278,QB,Desmond,Desmond Ridder,Ridder,11.789999961853027,16,6000,WAS@ARI,ARI,WAS,,,,,,QB
107295-24849,QB,Jameis,Jameis Winston,Winston,0.25,2,6000,CLE@LV,CLE,LV,,,,,,QB
107295-90406,QB,Zach,Zach Wilson,Wilson,10.578333536783854,12,6000,DEN@NYJ,DEN,NYJ,,,,,,QB
107295-84287,QB,Luis,Luis Perez,Perez,,0,6000,KC@LAC,LAC,KC,,,,,,QB
107295-92560,QB,Sam,Sam Ehlinger,Ehlinger,0,2,6000,PIT@IND,IND,PIT,,,,,,QB
107295-31170,QB,Brandon,Brandon Allen,Allen,-0.10000000149011612,1,6000,NE@SF,SF,NE,,,,,,QB
107295-22994,QB,Case,Case Keenum,Keenum,3.184999942779541,4,6000,JAC@HOU,HOU,JAC,IR,Foot,,,,QB
107295-90584,QB,Mac,Mac Jones,Jones,-1.1200000047683716,1,6000,JAC@HOU,JAC,HOU,,,,,,QB
107295-129506,QB,Michael,Michael Pratt,Pratt,,0,6000,PHI@TB,TB,PHI,,,,,,QB
107295-86518,WR,Khalil,Khalil Shakir,Shakir,12,3,6000,BUF@BAL,BUF,BAL,,,,,,WR/FLEX
107295-94718,QB,Nathan,Nathan Rourke,Rourke,,0,6000,NO@ATL,ATL,NO,,,,,,QB
107295-102933,QB,Kedon,Kedon Slovis,Slovis,,0,6000,JAC@HOU,HOU,JAC,,,,,,QB
107295-201267,QB,Casey,Casey Bauman,Bauman,,0,6000,KC@LAC,LAC,KC,,,,,,QB
107295-88630,QB,Matt,Matt Corral,Corral,,0,6000,MIN@GB,MIN,GB,,,,,,QB
107295-6714,QB,Joe,Joe Flacco,Flacco,20.736666361490887,6,6000,PIT@IND,IND,PIT,,,,,,QB
107295-86641,QB,Tanner,Tanner Mordecai,Mordecai,,0,6000,NE@SF,SF,NE,,,,,,QB
107295-201337,QB,Peewee,Peewee Jarrett,Jarrett,,0,6000,DEN@NYJ,NYJ,DEN,,,,,,QB
107295-29358,QB,Marcus,Marcus Mariota,Mariota,4.253333409627278,3,6000,WAS@ARI,WAS,ARI,IR,Chest,,,,QB
107295-70324,QB,Carson,Carson Wentz,Wentz,27.1200008392334,1,6000,KC@LAC,KC,LAC,,,,,,QB
107295-90813,QB,Clayton,Clayton Tune,Tune,-2.5999999046325684,1,6000,WAS@ARI,ARI,WAS,,,,,,QB
107295-103109,QB,Max,Max Duggan,Duggan,0,1,6000,KC@LAC,LAC,KC,,,,,,QB
107295-139985,QB,Bailey,Bailey Zappe,Zappe,7.10727275501598,11,6000,KC@LAC,KC,LAC,,,,,,QB
107295-88797,QB,Michael,Michael Penix Jr.,Penix Jr.,,0,6000,NO@ATL,ATL,NO,,,,,,QB
107295-92904,QB,Rocky,Rocky Lombardi,Lombardi,,0,6000,CIN@CAR,CIN,CAR,,,,,,QB
107295-86775,QB,Jacob,Jacob Sirmon,Sirmon,,0,6000,CLE@LV,CLE,LV,,,,,,QB
107295-152316,QB,Drake,Drake Maye,Maye,2.0799999237060547,1,6000,NE@SF,NE,SF,,,,,,QB
107295-92937,QB,Jordan,Jordan Travis,Travis,,0,6000,DEN@NYJ,NYJ,DEN,IR,Ankle,,,,QB
107295-86793,QB,Jake,Jake Haener,Haener,-0.15000000596046448,2,6000,NO@ATL,NO,ATL,,,,,,QB
107295-92975,QB,Malik,Malik Cunningham,Cunningham,0,1,6000,BUF@BAL,BAL,BUF,,,,,,QB
107295-119606,QB,Bryce,Bryce Young,Young,7.300000190734863,2,6000,CIN@CAR,CAR,CIN,,,,,,QB
107295-90981,QB,Adrian,Adrian Martinez,Martinez,,0,6000,DEN@NYJ,NYJ,DEN,,,,,,QB
107295-88937,QB,Carter,Carter Bradley,Bradley,,0,6000,CLE@LV,LV,CLE,,,,,,QB
107295-56192,QB,John,John Wolford,Wolford,0,1,6000,PHI@TB,TB,PHI,,,,,,QB
107295-29605,QB,Matt,Matt Barkley,Barkley,-0.30000001192092896,1,6000,JAC@HOU,JAC,HOU,,,,,,QB
107295-93103,QB,E.J.,E.J. Perry,Perry,,0,6000,JAC@HOU,JAC,HOU,,,,,,QB
107295-111557,QB,Spencer,Spencer Rattler,Rattler,,0,6000,NO@ATL,NO,ATL,,,,,,QB
107295-56286,QB,Trace,Trace McSorley,McSorley,,0,6000,WAS@ARI,WAS,ARI,,,,,,QB
107295-152575,QB,J.J.,J.J. McCarthy,McCarthy,,0,6000,MIN@GB,MIN,GB,IR,Knee - meniscus,,,,QB
107295-89147,QB,John,John Paddock,Paddock,,0,6000,NO@ATL,ATL,NO,,,,,,QB
107295-152664,RB,Bucky,Bucky Irving,Irving,6.900000254313151,3,6000,PHI@TB,TB,PHI,Q,Hamstring,,,,RB/FLEX
107295-52342,QB,Will,Will Grier,Grier,0,2,6000,PHI@TB,PHI,TB,,,,,,QB
107295-169087,QB,Austin,Austin Reed,Reed,,0,6000,LAR@CHI,CHI,LAR,,,,,,QB
107295-93382,QB,Aidan,Aidan O'Connell,O'Connell,7.28000020980835,1,6000,CLE@LV,LV,CLE,,,,,,QB
107295-52436,TE,Mark,Mark Andrews,Andrews,3.1666666666666665,3,6000,BUF@BAL,BAL,BUF,,,,,,TE/FLEX
107295-54507,QB,Alex,Alex McGough,McGough,,0,6000,MIN@GB,GB,MIN,Q,Undisclosed,,,,QB
107295-93428,QB,Jack,Jack Plummer,Plummer,,0,6000,CIN@CAR,CAR,CIN,,,,,,QB
107295-91390,QB,Joe,Joe Milton III,Milton III,,0,6000,NE@SF,NE,SF,,,,,,QB
107295-185640,QB,Dresser,Dresser Winn,Winn,0,1,6000,LAR@CHI,LAR,CHI,,,,,,QB
107295-54604,QB,Jimmy,Jimmy Garoppolo,Garoppolo,9.137499809265137,8,6000,LAR@CHI,LAR,CHI,,,,,,QB
107295-27986,QB,C.J.,C.J. Beathard,Beathard,3.576666514078776,6,6000,JAC@HOU,JAC,HOU,Q,Groin,,,,QB
107295-103824,QB,Easton,Easton Stick,Stick,9.794285365513392,7,6000,KC@LAC,LAC,KC,,,,,,QB
107295-73118,QB,Ian,Ian Book,Book,,0,6000,KC@LAC,KC,LAC,,,,,,QB
107295-60840,QB,Jake,Jake Browning,Browning,12.578333536783854,12,6000,CIN@CAR,CIN,CAR,,,,,,QB
107295-185776,QB,Tyson,Tyson Bagent,Bagent,11.851999664306641,5,6000,LAR@CHI,CHI,LAR,,,,,,QB
107295-91583,QB,Stetson,Stetson Bennett,Bennett,,0,6000,LAR@CHI,LAR,CHI,,,,,,QB
107295-40407,QB,Joshua,Joshua Dobbs,Dobbs,16.204615666316105,13,6000,NE@SF,SF,NE,,,,,,QB
107295-89607,QB,Tanner,Tanner McKee,McKee,0,1,6000,PHI@TB,PHI,TB,,,,,,QB
107295-60947,QB,Jarrett,Jarrett Stidham,Stidham,9.213333129882812,3,6000,DEN@NYJ,DEN,NYJ,,,,,,QB
107295-89628,QB,Davis,Davis Mills,Mills,3.1600000858306885,1,6000,JAC@HOU,HOU,JAC,,,,,,QB
107295-87594,QB,Sam,Sam Hartman,Hartman,,0,6000,WAS@ARI,WAS,ARI,,,,,,QB
107295-30253,QB,Jeff,Jeff Driskel,Driskel,7.96999979019165,2,6000,WAS@ARI,WAS,ARI,,,,,,QB
107295-112191,QB,John Rhys,John Rhys Plumlee,Plumlee,,0,6000,JAC@HOU,JAC,HOU,,,,,,QB
107295-40534,QB,Mike,Mike White,White,0.43714284896850586,7,6000,BUF@BAL,BUF,BAL,,,,,,QB
107295-128693,RB,Tank,Tank Bigsby,Bigsby,4.099999904632568,2,6000,JAC@HOU,JAC,HOU,Q,Shoulder,,,,RB/FLEX
107295-93878,QB,Devin,Devin Leary,Leary,,0,6000,BUF@BAL,BAL,BUF,,,,,,QB
107295-73398,QB,Chris,Chris Oladokun,Oladokun,,0,6000,KC@LAC,KC,LAC,,,,,,QB
107295-69304,QB,Kyle,Kyle Trask,Trask,-0.20000000298023224,1,6000,PHI@TB,TB,PHI,,,,,,QB
107295-52929,QB,Jake,Jake Luton,Luton,,0,6000,CIN@CAR,CAR,CIN,Q,Shoulder,,,,QB
107295-69333,QB,Jacob,Jacob Eason,Eason,,0,6000,MIN@GB,GB,MIN,,,,,,QB
107295-38628,QB,Mitchell,Mitchell Trubisky,Trubisky,-0.09000000357627869,2,6000,BUF@BAL,BUF,BAL,,,,,,QB
107295-61157,QB,Brett,Brett Rypien,Rypien,2.890000104904175,2,6000,MIN@GB,MIN,GB,,,,,,QB
107295-91898,QB,Dorian,Dorian Thompson-Robinson,Thompson-Robinson,2.9000000423855252,9,6000,CLE@LV,CLE,LV,,,,,,QB
107295-28434,QB,Trevor,Trevor Siemian,Siemian,6.191999816894532,5,6000,DEN@NYJ,NYJ,DEN,,,,,,QB
107295-120639,WR,Quentin,Quentin Johnston,Johnston,12.09999974568685,3,6000,KC@LAC,LAC,KC,,,,,,WR/FLEX
107295-85846,QB,Zack,Zack Annexstad,Annexstad,,0,6000,PHI@TB,TB,PHI,Q,Undisclosed,,,,QB
107295-8023,QB,Josh,Josh Johnson,Johnson,0,2,6000,BUF@BAL,BAL,BUF,,,,,,QB
107295-53095,QB,Kyle,Kyle Allen,Allen,-0.1857142789023263,7,6000,PIT@IND,PIT,IND,,,,,,QB
107295-14194,QB,Blaine,Blaine Gabbert,Gabbert,2.2249999046325684,4,6000,KC@LAC,KC,LAC,,,,,,QB
107295-92020,QB,Kenny,Kenny Pickett,Pickett,9.516666412353516,12,6000,PHI@TB,PHI,TB,,,,,,QB
107295-69597,QB,Anthony,Anthony Brown Jr.,Brown Jr.,,0,6000,BUF@BAL,BUF,BAL,,,,,,QB
107295-92133,QB,Jason,Jason Bean,Bean,,0,6000,PIT@IND,IND,PIT,O,Foot,,,,QB
107295-63469,QB,Ben,Ben DiNucci,DiNucci,,0,6000,BUF@BAL,BUF,BAL,,,,,,QB
107295-86080,TE,Kyle,Kyle Pitts,Pitts,6.833333333333333,3,5900,NO@ATL,ATL,NO,,,,,,TE/FLEX
107295-129291,WR,Tank,Tank Dell,Dell,5.966666539510091,3,5900,JAC@HOU,HOU,JAC,Q,Chest,,,,WR/FLEX
107295-72776,RB,Alexander,Alexander Mattison,Mattison,10.733333587646484,3,5900,CLE@LV,LV,CLE,,,,,,RB/FLEX
107295-69213,WR,Michael,Michael Pittman Jr.,Pittman Jr.,4.766666730244954,3,5900,PIT@IND,IND,PIT,,,,,,WR/FLEX
107295-157467,WR,Keon,Keon Coleman,Coleman,5.333333333333333,3,5900,BUF@BAL,BUF,BAL,,,,,,WR/FLEX
107295-129210,WR,Jordan,Jordan Addison,Addison,5,1,5800,MIN@GB,MIN,GB,Q,Ankle,,,,WR/FLEX
107295-151745,WR,Brian,Brian Thomas Jr.,Thomas Jr.,10.133333206176758,3,5800,JAC@HOU,JAC,HOU,,,,,,WR/FLEX
107295-86229,WR,Jahan,Jahan Dotson,Dotson,0.9666666984558105,3,5800,PHI@TB,PHI,TB,,,,,,WR/FLEX
107295-92976,WR,Tutu,Tutu Atwell,Atwell,8.800000190734863,2,5800,LAR@CHI,LAR,CHI,,,,,,WR/FLEX
107295-156523,RB,Carson,Carson Steele,Steele,2.866666793823242,3,5800,KC@LAC,KC,LAC,,,,,,RB/FLEX
107295-41872,TE,Evan,Evan Engram,Engram,1,1,5800,JAC@HOU,JAC,HOU,Q,Hamstring,,,,TE/FLEX
107295-52451,RB,Samaje,Samaje Perine,Perine,2.6000000635782876,3,5800,KC@LAC,KC,LAC,,,,,,RB/FLEX
107295-56809,WR,Allen,Allen Lazard,Lazard,12.766666412353516,3,5800,DEN@NYJ,NYJ,DEN,,,,,,WR/FLEX
107295-55335,TE,David,David Njoku,Njoku,6.400000095367432,1,5700,CLE@LV,CLE,LV,Q,Ankle,,,,TE/FLEX
107295-69777,WR,Darnell,Darnell Mooney,Mooney,9.633333206176758,3,5700,NO@ATL,ATL,NO,,,,,,WR/FLEX
107295-94534,WR,Gabe,Gabe Davis,Davis,5.433333079020183,3,5700,JAC@HOU,JAC,HOU,Q,Shoulder,,,,WR/FLEX
107295-133472,WR,Ladd,Ladd McConkey,McConkey,7.299999872843425,3,5700,KC@LAC,LAC,KC,,,,,,WR/FLEX
107295-90561,WR,Jerry,Jerry Jeudy,Jeudy,8.833333333333334,3,5700,CLE@LV,CLE,LV,,,,,,WR/FLEX
107295-91598,RB,D'Andre,D'Andre Swift,Swift,5.466666539510091,3,5700,LAR@CHI,CHI,LAR,,,,,,RB/FLEX
107295-86312,WR,Alec,Alec Pierce,Pierce,14,3,5600,PIT@IND,IND,PIT,,,,,,WR/FLEX
107295-90933,RB,Antonio,Antonio Gibson,Gibson,5.933333079020183,3,5600,NE@SF,NE,SF,,,,,,RB/FLEX
107295-56265,TE,Mike,Mike Gesicki,Gesicki,7.533333460489909,3,5600,CIN@CAR,CIN,CAR,,,,,,TE/FLEX
107295-68712,WR,Tyler,Tyler Johnson,Johnson,5.633333206176758,3,5600,LAR@CHI,LAR,CHI,,,,,,WR/FLEX
107295-93541,RB,Javonte,Javonte Williams,Williams,5.299999872843425,3,5600,DEN@NYJ,DEN,NYJ,,,,,,RB/FLEX
107295-89493,RB,Chase,Chase Brown,Brown,4.933333396911621,3,5600,CIN@CAR,CIN,CAR,,,,,,RB/FLEX
107295-60858,WR,Christian,Christian Kirk,Kirk,5.266666730244954,3,5600,JAC@HOU,JAC,HOU,,,,,,WR/FLEX
107295-169776,WR,Christian,Christian Watson,Watson,8.25,2,5600,MIN@GB,GB,MIN,,,,,,WR/FLEX
107295-57403,WR,Courtland,Courtland Sutton,Sutton,6.400000254313151,3,5500,DEN@NYJ,DEN,NYJ,,,,,,WR/FLEX
107295-45229,RB,Kareem,Kareem Hunt,Hunt,8.0625,16,5500,KC@LAC,KC,LAC,,,,,,RB/FLEX
107295-129305,WR,Josh,Josh Downs,Downs,3.700000047683716,1,5500,PIT@IND,IND,PIT,,,,,,WR/FLEX
107295-103187,RB,Roschon,Roschon Johnson,Johnson,8.199999809265137,1,5500,LAR@CHI,CHI,LAR,,,,,,RB/FLEX
107295-87260,TE,Isaiah,Isaiah Likely,Likely,9.700000127156576,3,5500,BUF@BAL,BAL,BUF,,,,,,TE/FLEX
107295-185593,WR,Andrei,Andrei Iosivas,Iosivas,10.5,3,5500,CIN@CAR,CIN,CAR,,,,,,WR/FLEX
107295-38264,WR,Demarcus,Demarcus Robinson,Robinson,5.299999872843425,3,5500,LAR@CHI,LAR,CHI,,,,,,WR/FLEX
107295-91578,RB,Zamir,Zamir White,White,4.100000063578288,3,5500,CLE@LV,LV,CLE,,,,,,RB/FLEX
107295-63634,WR,Jakobi,Jakobi Meyers,Meyers,10.166666666666666,3,5400,CLE@LV,LV,CLE,,,,,,WR/FLEX
107295-62055,WR,Ray-Ray,Ray-Ray McCloud III,McCloud III,5.966666539510091,3,5400,NO@ATL,ATL,NO,,,,,,WR/FLEX
107295-39716,WR,Adam,Adam Thielen,Thielen,6.966666539510091,3,5400,CIN@CAR,CAR,CIN,IR,Hamstring,,,,WR/FLEX
107295-39829,WR,Mike,Mike Williams,Williams,3.6500000953674316,2,5400,DEN@NYJ,NYJ,DEN,,,,,,WR/FLEX
107295-103694,RB,Ray,Ray Davis,Davis,5.100000063578288,3,5400,BUF@BAL,BUF,BAL,,,,,,RB/FLEX
107295-185861,RB,Emanuel,Emanuel Wilson,Wilson,7.400000254313151,3,5400,MIN@GB,GB,MIN,,,,,,RB/FLEX
107295-55042,TE,Dalton,Dalton Schultz,Schultz,2.7666667302449546,3,5400,JAC@HOU,HOU,JAC,,,,,,TE/FLEX
107295-71521,RB,Justice,Justice Hill,Hill,6.366666793823242,3,5400,BUF@BAL,BAL,BUF,,,,,,RB/FLEX
107295-71845,RB,Miles,Miles Sanders,Sanders,5.400000254313151,3,5300,CIN@CAR,CAR,CIN,,,,,,RB/FLEX
107295-57543,RB,D'Ernest,D'Ernest Johnson,Johnson,1.899999976158142,2,5300,JAC@HOU,JAC,HOU,,,,,,RB/FLEX
107295-25267,WR,Mack,Mack Hollins,Hollins,3.866666793823242,3,5300,BUF@BAL,BUF,BAL,,,,,,WR/FLEX
107295-72412,RB,Khalil,Khalil Herbert,Herbert,3,3,5300,LAR@CHI,CHI,LAR,,,,,,RB/FLEX
107295-91047,TE,Cole,Cole Kmet,Kmet,8.766666412353516,3,5300,LAR@CHI,CHI,LAR,,,,,,TE/FLEX
107295-40167,RB,Gus,Gus Edwards,Edwards,3.366666793823242,3,5300,KC@LAC,LAC,KC,,,,,,RB/FLEX
107295-52613,WR,Curtis,Curtis Samuel,Samuel,2.3333333333333335,3,5300,BUF@BAL,BUF,BAL,,,,,,WR/FLEX
107295-89612,WR,Michael,Michael Wilson,Wilson,7.166666666666667,3,5300,WAS@ARI,ARI,WAS,,,,,,WR/FLEX
107295-85845,WR,Rashod,Rashod Bateman,Bateman,7.366666793823242,3,5300,BUF@BAL,BAL,BUF,,,,,,WR/FLEX
107295-40845,TE,Hunter,Hunter Henry,Henry,7.533333460489909,3,5300,NE@SF,NE,SF,Q,Ankle,,,,TE/FLEX
107295-55830,RB,D'Onta,D'Onta Foreman,Foreman,3.049999952316284,2,5200,CLE@LV,CLE,LV,,,,,,RB/FLEX
107295-64147,WR,Britain,Britain Covey,Covey,3.450000047683716,2,5200,PHI@TB,PHI,TB,IR,Shoulder,,,,WR/FLEX
107295-119722,WR,Johnny,Johnny Wilson,Wilson,0.4666666587193807,3,5200,PHI@TB,PHI,TB,,,,,,WR/FLEX
107295-103587,TE,Brenton,Brenton Strange,Strange,8.100000381469727,2,5200,JAC@HOU,JAC,HOU,,,,,,TE/FLEX
107295-87371,RB,Ty,Ty Chandler,Chandler,5.066666603088379,3,5200,MIN@GB,MIN,GB,,,,,,RB/FLEX
107295-87418,WR,Joshua,Joshua Palmer,Palmer,2.700000047683716,2,5200,KC@LAC,LAC,KC,,,,,,WR/FLEX
107295-112057,RB,Jaylen,Jaylen Warren,Warren,3.566666603088379,3,5200,PIT@IND,PIT,IND,Q,Knee,,,,RB/FLEX
107295-89588,TE,Colby,Colby Parkinson,Parkinson,4,3,5200,LAR@CHI,LAR,CHI,,,,,,TE/FLEX
107295-114198,WR,Xavier,Xavier Legette,Legette,5.349999904632568,2,5200,CIN@CAR,CAR,CIN,,,,,,WR/FLEX
107295-57338,TE,Jordan,Jordan Akins,Akins,3.5333334604899087,3,5200,CLE@LV,CLE,LV,,,,,,TE/FLEX
107295-94370,WR,Romeo,Romeo Doubs,Doubs,5.666666666666667,3,5100,MIN@GB,GB,MIN,,,,,,WR/FLEX
107295-151789,WR,Adonai,Adonai Mitchell,Mitchell,1.3999999364217122,3,5100,PIT@IND,IND,PIT,,,,,,WR/FLEX
107295-86811,TE,Cade,Cade Otton,Otton,2.2666667302449546,3,5100,PHI@TB,TB,PHI,,,,,,TE/FLEX
107295-90912,RB,Kenneth,Kenneth Gainwell,Gainwell,1.5,3,5100,PHI@TB,PHI,TB,,,,,,RB/FLEX
107295-56262,WR,Parris,Parris Campbell,Campbell,2.299999952316284,1,5100,PHI@TB,PHI,TB,,,,,,WR/FLEX
107295-60451,TE,Tyler,Tyler Conklin,Conklin,4.799999872843425,3,5100,DEN@NYJ,NYJ,DEN,,,,,,TE/FLEX
107295-29780,TE,Zach,Zach Ertz,Ertz,6.266666412353516,3,5100,WAS@ARI,WAS,ARI,,,,,,TE/FLEX
107295-62628,WR,DeAndre,DeAndre Carter,Carter,3.1666666666666665,3,5100,LAR@CHI,CHI,LAR,,,,,,WR/FLEX
107295-111876,WR,DeMario,DeMario Douglas,Douglas,6.75,2,5100,NE@SF,NE,SF,,,,,,WR/FLEX
107295-89644,RB,Isaac,Isaac Guerendo,Guerendo,0.949999988079071,2,5100,NE@SF,SF,NE,,,,,,RB/FLEX
107295-147051,RB,Jaleel,Jaleel McLaughlin,McLaughlin,3.933333396911621,3,5100,DEN@NYJ,DEN,NYJ,,,,,,RB/FLEX
107295-53097,WR,Josh,Josh Reynolds,Reynolds,7.633333206176758,3,5100,DEN@NYJ,DEN,NYJ,,,,,,WR/FLEX
107295-86055,RB,Dameon,Dameon Pierce,Pierce,1.600000023841858,1,5000,JAC@HOU,HOU,JAC,Q,Hamstring,,,,RB/FLEX
107295-86244,TE,Pat,Pat Freiermuth,Freiermuth,5.299999872843425,3,5000,PIT@IND,PIT,IND,,,,,,TE/FLEX
107295-12549,D,San Francisco,San Francisco 49ers,49ers,5.666666666666667,3,5000,NE@SF,SF,NE,,,,,,DEF
107295-45565,TE,Taysom,Taysom Hill,Hill,3.25,2,5000,NO@ATL,NO,ATL,,,,,,TE/FLEX
107295-88575,WR,Elijah,Elijah Moore,Moore,4.166666666666667,3,5000,CLE@LV,CLE,LV,,,,,,WR/FLEX
107295-45631,RB,Jamaal,Jamaal Williams,Williams,5.299999872843425,3,5000,NO@ATL,NO,ATL,,,,,,RB/FLEX
107295-86646,RB,Trey,Trey Sermon,Sermon,4.400000095367432,2,5000,PIT@IND,IND,PIT,,,,,,RB/FLEX
107295-94887,RB,Tyler,Tyler Badie,Badie,4.650000095367432,2,5000,DEN@NYJ,DEN,NYJ,,,,,,RB/FLEX
107295-103195,WR,Jordan,Jordan Whittington,Whittington,2.5,3,5000,LAR@CHI,LAR,CHI,,,,,,WR/FLEX
107295-64585,TE,Dawson,Dawson Knox,Knox,2,2,5000,BUF@BAL,BUF,BAL,,,,,,TE/FLEX
107295-83083,WR,Justin,Justin Watson,Watson,2.6666666666666665,3,5000,KC@LAC,KC,LAC,,,,,,WR/FLEX
107295-64808,TE,Juwan,Juwan Johnson,Johnson,9.600000381469727,1,5000,NO@ATL,NO,ATL,,,,,,TE/FLEX
107295-71031,WR,Lil'Jordan,Lil'Jordan Humphrey,Humphrey,4.566666603088379,3,5000,DEN@NYJ,DEN,NYJ,,,,,,WR/FLEX
107295-69558,WR,Greg,Greg Dortch,Dortch,5.066666603088379,3,5000,WAS@ARI,ARI,WAS,,,,,,WR/FLEX
107295-79980,TE,Eric,Eric Saubert,Saubert,2.8999999364217124,3,4900,NE@SF,SF,NE,,,,,,TE/FLEX
107295-28827,RB,Dare,Dare Ogunbowale,Ogunbowale,2.633333365122477,3,4900,JAC@HOU,HOU,JAC,,,,,,RB/FLEX
107295-12529,D,Cleveland,Cleveland Browns,Browns,6.333333333333333,3,4900,CLE@LV,CLE,LV,,,,,,DEF
107295-102986,WR,Elijah,Elijah Higgins,Higgins,4.033333460489909,3,4900,WAS@ARI,ARI,WAS,,,,,,WR/FLEX
107295-142042,RB,Trey,Trey Benson,Benson,1.7666667302449544,3,4900,WAS@ARI,ARI,WAS,,,,,,RB/FLEX
107295-90870,WR,Calvin,Calvin Austin III,Austin III,6.599999745686849,3,4900,PIT@IND,PIT,IND,,,,,,WR/FLEX
107295-56248,WR,Noah,Noah Brown,Brown,5.75,2,4900,WAS@ARI,WAS,ARI,,,,,,WR/FLEX
107295-93143,TE,Noah,Noah Gray,Gray,3.5,2,4900,KC@LAC,KC,LAC,,,,,,TE/FLEX
107295-91101,TE,Tommy,Tommy Tremble,Tremble,4.099999904632568,2,4900,CIN@CAR,CAR,CIN,,,,,,TE/FLEX
107295-103547,WR,Luke,Luke McCaffrey,McCaffrey,4.599999904632568,2,4900,WAS@ARI,WAS,ARI,,,,,,WR/FLEX
107295-120042,WR,Jalen,Jalen McMillan,McMillan,4.466666539510091,3,4900,PHI@TB,TB,PHI,,,,,,WR/FLEX
107295-40371,TE,Johnny,Johnny Mundt,Mundt,3.7999998728434243,3,4900,MIN@GB,MIN,GB,,,,,,TE/FLEX
107295-63050,RB,Ty,Ty Johnson,Johnson,5.5,3,4900,BUF@BAL,BUF,BAL,,,,,,RB/FLEX
107295-120694,WR,Ja'Lynn,Ja'Lynn Polk,Polk,3.866666793823242,3,4900,NE@SF,NE,SF,,,,,,WR/FLEX
107295-12544,D,New York,New York Jets,Jets,9.666666666666666,3,4800,DEN@NYJ,NYJ,DEN,,,,,,DEF
107295-137516,WR,Parker,Parker Washington,Washington,1.1999999682108562,3,4800,JAC@HOU,JAC,HOU,,,,,,WR/FLEX
107295-63855,WR,K.J.,K.J. Osborn,Osborn,2.4000000953674316,2,4800,NE@SF,NE,SF,,,,,,WR/FLEX
107295-94579,RB,Emari,Emari Demercado,Demercado,2.9666665395100913,3,4800,WAS@ARI,ARI,WAS,,,,,,RB/FLEX
107295-92545,RB,Keaontay,Keaontay Ingram,Ingram,1.7142857142857142,7,4800,KC@LAC,KC,LAC,,,,,,RB/FLEX
107295-160303,TE,Tucker,Tucker Kraft,Kraft,3.566666603088379,3,4800,MIN@GB,GB,MIN,,,,,,TE/FLEX
107295-113228,TE,Luke,Luke Musgrave,Musgrave,0.6333333253860474,3,4800,MIN@GB,GB,MIN,Q,Quadriceps,,,,TE/FLEX
107295-52345,WR,Brandon,Brandon Powell,Powell,1.4666666984558105,3,4800,MIN@GB,MIN,GB,,,,,,WR/FLEX
107295-103619,WR,Tre,Tre Tucker,Tucker,8.200000127156576,3,4800,CLE@LV,LV,CLE,,,,,,WR/FLEX
107295-60712,TE,Foster,Foster Moreau,Moreau,6.5,2,4800,NO@ATL,NO,ATL,,,,,,TE/FLEX
107295-56708,TE,Will,Will Dissly,Dissly,3.2000001271565757,3,4800,KC@LAC,LAC,KC,,,,,,TE/FLEX
107295-73176,TE,Luke,Luke Farrell,Farrell,1.4500000476837158,2,4800,JAC@HOU,JAC,HOU,,,,,,TE/FLEX
107295-112192,WR,Jonathan,Jonathan Mingo,Mingo,2.4666666984558105,3,4800,CIN@CAR,CAR,CIN,,,,,,WR/FLEX
107295-40647,WR,Marquez,Marquez Valdes-Scantling,Valdes-Scantling,1.1999999682108562,3,4800,BUF@BAL,BUF,BAL,,,,,,WR/FLEX
107295-91971,RB,Ronnie,Ronnie Rivers,Rivers,1,3,4800,LAR@CHI,LAR,CHI,,,,,,RB/FLEX
107295-30733,RB,Cordarrelle,Cordarrelle Patterson,Patterson,2.633333365122477,3,4700,PIT@IND,PIT,IND,,,,,,RB/FLEX
107295-12528,D,Cincinnati,Cincinnati Bengals,Bengals,3,3,4700,CIN@CAR,CIN,CAR,,,,,,DEF
107295-151903,WR,Troy,Troy Franklin,Franklin,1.0499999523162842,2,4700,DEN@NYJ,DEN,NYJ,,,,,,WR/FLEX
107295-133477,TE,Darnell,Darnell Washington,Washington,4,2,4700,PIT@IND,PIT,IND,,,,,,TE/FLEX
107295-63907,TE,Josh,Josh Oliver,Oliver,1.850000023841858,2,4700,MIN@GB,MIN,GB,Q,Wrist,,,,TE/FLEX
107295-64031,TE,Hayden,Hayden Hurst,Hurst,2.6000000635782876,3,4700,KC@LAC,LAC,KC,Q,Achilles,,,,TE/FLEX
107295-137967,RB,Blake,Blake Corum,Corum,2.799999952316284,1,4700,LAR@CHI,LAR,CHI,,,,,,RB/FLEX
107295-64496,WR,Olamide,Olamide Zaccheaus,Zaccheaus,1.6333333651224773,3,4700,WAS@ARI,WAS,ARI,,,,,,WR/FLEX
107295-29683,WR,Nelson,Nelson Agholor,Agholor,3,3,4700,BUF@BAL,BAL,BUF,,,,,,WR/FLEX
107295-29685,WR,Robert,Robert Woods,Woods,1.399999976158142,2,4700,JAC@HOU,HOU,JAC,,,,,,WR/FLEX
107295-89220,WR,Tyquan,Tyquan Thornton,Thornton,1.850000023841858,2,4700,NE@SF,NE,SF,,,,,,WR/FLEX
107295-64905,WR,Trenton,Trenton Irwin,Irwin,1.0499999523162842,2,4700,CIN@CAR,CIN,CAR,,,,,,WR/FLEX
107295-71143,TE,Kylen,Kylen Granson,Granson,1.9666666984558105,3,4700,PIT@IND,IND,PIT,,,,,,TE/FLEX
107295-12536,D,Kansas City,Kansas City Chiefs,Chiefs,6.666666666666667,3,4600,KC@LAC,KC,LAC,,,,,,DEF
107295-133484,WR,Jermaine,Jermaine Burton,Burton,5.199999809265137,1,4600,CIN@CAR,CIN,CAR,,,,,,WR/FLEX
107295-137990,TE,Tip,Tip Reiman,Reiman,,0,4600,WAS@ARI,ARI,WAS,,,,,,TE/FLEX
107295-119610,RB,Jase,Jase McClellan,McClellan,,0,4600,NO@ATL,ATL,NO,,,,,,RB/FLEX
107295-152520,RB,Will,Will Shipley,Shipley,0,2,4600,PHI@TB,PHI,TB,,,,,,RB/FLEX
107295-64581,WR,Van,Van Jefferson,Jefferson,1.5,2,4600,PIT@IND,PIT,IND,,,,,,WR/FLEX
107295-130270,TE,Adam,Adam Trautman,Trautman,0.8999999761581421,2,4600,DEN@NYJ,DEN,NYJ,,,,,,TE/FLEX
107295-110457,WR,Dontayvion,Dontayvion Wicks,Wicks,3.366666793823242,3,4600,MIN@GB,GB,MIN,,,,,,WR/FLEX
107295-57299,TE,Gerald,Gerald Everett,Everett,0.5,3,4600,LAR@CHI,CHI,LAR,,,,,,TE/FLEX
107295-137265,TE,Ben,Ben Sinnott,Sinnott,,0,4500,WAS@ARI,WAS,ARI,,,,,,TE/FLEX
107295-69860,RB,Trayveon,Trayveon Williams,Williams,0,2,4500,CIN@CAR,CIN,CAR,,,,,,RB/FLEX
107295-12547,D,Pittsburgh,Pittsburgh Steelers,Steelers,11.333333333333334,3,4500,PIT@IND,PIT,IND,,,,,,DEF
107295-86682,TE,Grant,Grant Calcaterra,Calcaterra,2.25,2,4500,PHI@TB,PHI,TB,,,,,,TE/FLEX
107295-55987,WR,JuJu,JuJu Smith-Schuster,Smith-Schuster,4.349999904632568,2,4500,KC@LAC,KC,LAC,,,,,,WR/FLEX
107295-138037,WR,Roman,Roman Wilson,Wilson,,0,4500,PIT@IND,PIT,IND,,,,,,WR/FLEX
107295-40126,TE,Austin,Austin Hooper,Hooper,2.5,3,4500,NE@SF,NE,SF,,,,,,TE/FLEX
107295-56648,RB,Jeremy,Jeremy McNichols,McNichols,0.10000000149011612,1,4500,WAS@ARI,WAS,ARI,,,,,,RB/FLEX
107295-93538,WR,Dyami,Dyami Brown,Brown,2.6500000953674316,2,4500,WAS@ARI,WAS,ARI,,,,,,WR/FLEX
107295-71032,WR,Devin,Devin Duvernay,Duvernay,0.36666667461395264,3,4500,JAC@HOU,JAC,HOU,,,,,,WR/FLEX
107295-56711,TE,Drew,Drew Sample,Sample,4.300000190734863,1,4500,CIN@CAR,CIN,CAR,,,,,,TE/FLEX
107295-89613,WR,Simi,Simi Fehoko,Fehoko,2.200000047683716,1,4500,KC@LAC,LAC,KC,,,,,,WR/FLEX
107295-71351,TE,Charlie,Charlie Woerner,Woerner,0.8999999761581421,1,4500,NO@ATL,ATL,NO,,,,,,TE/FLEX
107295-138998,TE,Michael,Michael Mayer,Mayer,1.3666666348775227,3,4500,CLE@LV,LV,CLE,,,,,,TE/FLEX
107295-91931,TE,Greg,Greg Dulcich,Dulcich,2.6500000953674316,2,4500,DEN@NYJ,DEN,NYJ,,,,,,TE/FLEX
107295-12542,D,New Orleans,New Orleans Saints,Saints,11,3,4400,NO@ATL,NO,ATL,,,,,,DEF
107295-201260,WR,Mason,Mason Tipton,Tipton,1.600000023841858,2,4400,NO@ATL,NO,ATL,,,,,,WR/FLEX
107295-160306,RB,Pierre,Pierre Strong Jr.,Strong Jr.,2.5,2,4400,CLE@LV,CLE,LV,Q,Hamstring,,,,RB/FLEX
107295-87127,RB,Chris,Chris Rodriguez Jr.,Rodriguez Jr.,3.6900001525878907,10,4400,WAS@ARI,WAS,ARI,,,,,,RB/FLEX
107295-158983,TE,Ja'Tavion,Ja'Tavion Sanders,Sanders,0.9000000158945719,3,4400,CIN@CAR,CAR,CIN,,,,,,TE/FLEX
107295-93540,RB,British,British Brooks,Brooks,0.20000000298023224,1,4400,JAC@HOU,HOU,JAC,,,,,,RB/FLEX
107295-85635,TE,Charlie,Charlie Kolar,Kolar,2.200000047683716,2,4400,BUF@BAL,BAL,BUF,,,,,,TE/FLEX
107295-61273,WR,Scotty,Scotty Miller,Miller,4.099999904632568,1,4400,PIT@IND,PIT,IND,,,,,,WR/FLEX
107295-12540,D,Minnesota,Minnesota Vikings,Vikings,16,3,4300,MIN@GB,MIN,GB,,,,,,DEF
107295-102902,WR,Trey,Trey Palmer,Palmer,1.2000000476837158,2,4300,PHI@TB,TB,PHI,,,,,,WR/FLEX
107295-39428,RB,Kyle,Kyle Juszczyk,Juszczyk,3.1666666666666665,3,4300,NE@SF,SF,NE,,,,,,RB/FLEX
107295-88752,WR,Charlie,Charlie Jones,Jones,-0.5,2,4300,CIN@CAR,CIN,CAR,,,,,,WR/FLEX
107295-56059,WR,Trent,Trent Sherfield Sr.,Sherfield Sr.,1.75,2,4300,MIN@GB,MIN,GB,,,,,,WR/FLEX
107295-103378,TE,Erick,Erick All Jr.,All Jr.,4.699999809265137,2,4300,CIN@CAR,CIN,CAR,,,,,,TE/FLEX
107295-119788,WR,Xavier,Xavier Hutchinson,Hutchinson,0.26666667064030963,3,4300,JAC@HOU,HOU,JAC,,,,,,WR/FLEX
107295-120093,WR,Marvin,Marvin Mims Jr.,Mims Jr.,0.9666666984558105,3,4300,DEN@NYJ,DEN,NYJ,,,,,,WR/FLEX
107295-112062,WR,Skyy,Skyy Moore,Moore,3.323076981764573,13,4300,KC@LAC,KC,LAC,,,,,,WR/FLEX
107295-104012,WR,Ashton,Ashton Dulin,Dulin,4.566666603088379,3,4300,PIT@IND,IND,PIT,,,,,,WR/FLEX
107295-87815,TE,Jeremy,Jeremy Ruckert,Ruckert,1.25,2,4300,DEN@NYJ,NYJ,DEN,,,,,,TE/FLEX
107295-69581,WR,Cedrick,Cedrick Wilson Jr.,Wilson Jr.,-0.6000000238418579,2,4300,NO@ATL,NO,ATL,Q,Ankle,,,,WR/FLEX
107295-24533,TE,Mo,Mo Alie-Cox,Alie-Cox,0.9000000158945719,3,4300,PIT@IND,IND,PIT,,,,,,TE/FLEX
107295-12527,D,Chicago,Chicago Bears,Bears,11.666666666666666,3,4200,LAR@CHI,CHI,LAR,,,,,,DEF
107295-94621,WR,Derius,Derius Davis,Davis,0.5666666825612386,3,4200,KC@LAC,LAC,KC,Q,Hamstring,,,,WR/FLEX
107295-160213,RB,Isaiah,Isaiah Davis,Davis,0.6000000238418579,1,4200,DEN@NYJ,NYJ,DEN,,,,,,RB/FLEX
107295-27229,RB,Ameer,Ameer Abdullah,Abdullah,1.1666666666666667,3,4200,CLE@LV,LV,CLE,,,,,,RB/FLEX
107295-72370,RB,J.J.,J.J. Taylor,Taylor,1.2999999523162842,1,4200,JAC@HOU,HOU,JAC,,,,,,RB/FLEX
107295-92882,TE,Connor,Connor Heyward,Heyward,0.699999988079071,1,4200,PIT@IND,PIT,IND,,,,,,TE/FLEX
107295-103192,TE,Jared,Jared Wiley,Wiley,1.2000000476837158,1,4200,KC@LAC,KC,LAC,,,,,,TE/FLEX
107295-70661,WR,Velus,Velus Jones Jr.,Jones Jr.,0.4000000059604645,1,4200,LAR@CHI,CHI,LAR,,,,,,WR/FLEX
107295-111637,TE,Cade,Cade Stover,Stover,2.299999952316284,1,4200,JAC@HOU,HOU,JAC,,,,,,TE/FLEX
107295-103511,WR,Devaughn,Devaughn Vele,Vele,7.900000095367432,1,4200,DEN@NYJ,DEN,NYJ,,,,,,WR/FLEX
107295-89185,TE,Ben,Ben Sims,Sims,1.2222222222222223,9,4200,MIN@GB,GB,MIN,,,,,,TE/FLEX
107295-93391,TE,Payne,Payne Durham,Durham,1.2999999523162842,1,4200,PHI@TB,TB,PHI,,,,,,TE/FLEX
107295-91401,WR,Ronnie,Ronnie Bell,Bell,1.7000000476837158,1,4200,NE@SF,SF,NE,,,,,,WR/FLEX
107295-85306,WR,KhaDarel,KhaDarel Hodge,Hodge,2.323076981764573,13,4200,NO@ATL,ATL,NO,,,,,,WR/FLEX
107295-91467,TE,Jake,Jake Tonges,Tonges,,0,4200,NE@SF,SF,NE,,,,,,TE/FLEX
107295-89437,WR,Tim,Tim Jones,Jones,1.5333333545260959,9,4200,JAC@HOU,JAC,HOU,,,,,,WR/FLEX
107295-87432,WR,Cedric,Cedric Tillman,Tillman,0.8000000317891439,3,4200,CLE@LV,CLE,LV,,,,,,WR/FLEX
107295-173626,TE,Nate,Nate Adkins,Adkins,0.550000011920929,2,4200,DEN@NYJ,DEN,NYJ,Q,Shoulder,,,,TE/FLEX
107295-71352,WR,Mecole,Mecole Hardman,Hardman,0,3,4200,KC@LAC,KC,LAC,,,,,,WR/FLEX
107295-112455,WR,Xavier,Xavier Gipson,Gipson,0.8666666348775228,3,4200,DEN@NYJ,NYJ,DEN,,,,,,WR/FLEX
107295-90123,TE,Quintin,Quintin Morris,Morris,3.2000001271565757,3,4100,BUF@BAL,BUF,BAL,,,,,,TE/FLEX
107295-79987,WR,David,David Moore,Moore,0.949999988079071,2,4100,CIN@CAR,CAR,CIN,,,,,,WR/FLEX
107295-65724,RB,JaMycal,JaMycal Hasty,Hasty,0.23333332935969034,3,4100,NE@SF,NE,SF,,,,,,RB/FLEX
107295-12538,D,Los Angeles,Los Angeles Rams,Rams,2,3,4100,LAR@CHI,LAR,CHI,,,,,,DEF
107295-12556,D,Houston,Houston Texans,Texans,7.333333333333333,3,4100,JAC@HOU,HOU,JAC,,,,,,DEF
107295-70426,RB,Reggie,Reggie Gilliam,Gilliam,0.26666667064030963,3,4100,BUF@BAL,BUF,BAL,,,,,,RB/FLEX
107295-119653,WR,Kayshon,Kayshon Boutte,Boutte,0.699999988079071,1,4100,NE@SF,NE,SF,,,,,,WR/FLEX
107295-70501,RB,C.J.,C.J. Ham,Ham,0.10000000149011612,1,4100,MIN@GB,MIN,GB,,,,,,RB/FLEX
107295-83117,TE,Tanner,Tanner Hudson,Hudson,0.800000011920929,1,4100,CIN@CAR,CIN,CAR,Q,Knee,,,,TE/FLEX
107295-137059,RB,Sean,Sean Tucker,Tucker,0.20000000298023224,2,4100,PHI@TB,TB,PHI,,,,,,RB/FLEX
107295-92166,WR,Marcus,Marcus Jones,Jones,0,3,4000,NE@SF,NE,SF,,,,,,WR/FLEX
107295-96269,RB,Owen,Owen Wright,Wright,0,1,4000,BUF@BAL,BAL,BUF,IR,Foot,,,,RB/FLEX
107295-112657,TE,Isaac,Isaac Rex,Rex,,0,4000,KC@LAC,LAC,KC,,,,,,TE/FLEX
107295-139284,RB,Frank,Frank Gore Jr.,Gore Jr.,,0,4000,BUF@BAL,BUF,BAL,,,,,,RB/FLEX
107295-69655,TE,Stephen,Stephen Sullivan,Sullivan,1.6818181818181819,11,4000,CIN@CAR,CAR,CIN,,,,,,TE/FLEX
107295-110616,TE,Treyton,Treyton Welch,Welch,,0,4000,NO@ATL,NO,ATL,,,,,,TE/FLEX
107295-71706,TE,T.J.,T.J. Hockenson,Hockenson,11.433333333333334,15,4000,MIN@GB,MIN,GB,NA,Knee - acl + mcl,,,,TE/FLEX
107295-86052,WR,Kadarius,Kadarius Toney,Toney,3.0384615384615383,13,4000,CLE@LV,CLE,LV,Q,Undisclosed,,,,WR/FLEX
107295-71723,WR,Dez,Dez Fitzpatrick,Fitzpatrick,,0,4000,KC@LAC,LAC,KC,,,,,,WR/FLEX
107295-88109,RB,Gary,Gary Brightwell,Brightwell,3.0333334604899087,3,4000,CLE@LV,CLE,LV,,,,,,RB/FLEX
107295-86068,WR,Jacob,Jacob Copeland,Copeland,,0,4000,PIT@IND,PIT,IND,,,,,,WR/FLEX
107295-53303,RB,Matt,Matt Breida,Breida,2.5600001017252603,15,4000,NE@SF,SF,NE,,,,,,RB/FLEX
107295-86075,TE,Lucas,Lucas Krull,Krull,2.7857142857142856,7,4000,DEN@NYJ,DEN,NYJ,,,,,,TE/FLEX
107295-94269,RB,Henry,Henry Pearson,Pearson,,0,4000,MIN@GB,GB,MIN,,,,,,RB/FLEX
107295-59455,TE,Sammis,Sammis Reyes,Reyes,,0,4000,MIN@GB,MIN,GB,,,,,,TE/FLEX
107295-174148,RB,Carlos,Carlos Washington Jr.,Washington Jr.,,0,4000,NO@ATL,ATL,NO,,,,,,RB/FLEX
107295-65607,TE,Jacob,Jacob Harris,Harris,,0,4000,PHI@TB,PHI,TB,IR,Concussion,,,,TE/FLEX
107295-165962,TE,Nikola,Nikola Kalinic,Kalinic,,0,4000,LAR@CHI,LAR,CHI,,,,,,TE/FLEX
107295-112715,WR,Joshua,Joshua Cephus,Cephus,,0,4000,JAC@HOU,JAC,HOU,,,,,,WR/FLEX
107295-112737,WR,Isaiah,Isaiah Washington,Washington,,0,4000,BUF@BAL,BAL,BUF,Q,Undisclosed,,,,WR/FLEX
107295-92256,WR,Malik,Malik Knowles,Knowles,,0,4000,MIN@GB,MIN,GB,Q,Undisclosed,,,,WR/FLEX
107295-114787,RB,Terrell,Terrell Jennings,Jennings,,0,4000,NE@SF,NE,SF,,,,,,RB/FLEX
107295-24675,WR,Martavis,Martavis Bryant,Bryant,,0,4000,WAS@ARI,WAS,ARI,,,,,,WR/FLEX
107295-79979,WR,Jamal,Jamal Agnew,Agnew,3.027272657914595,11,4000,JAC@HOU,JAC,HOU,,,,,,WR/FLEX
107295-86125,WR,Brandon,Brandon Smith,Smith,,0,4000,DEN@NYJ,NYJ,DEN,,,,,,WR/FLEX
107295-79982,RB,Alex,Alex Armah,Armah,0.699999988079071,4,4000,WAS@ARI,WAS,ARI,,,,,,RB/FLEX
107295-61555,WR,David,David Sills V,Sills V,,0,4000,DEN@NYJ,DEN,NYJ,,,,,,WR/FLEX
107295-30837,WR,Jordan,Jordan Matthews,Matthews,0,1,4000,CIN@CAR,CAR,CIN,,,,,,WR/FLEX
107295-55414,WR,Cody,Cody Thompson,Thompson,0.75,2,4000,PHI@TB,TB,PHI,,,,,,WR/FLEX
107295-69752,WR,Jalen,Jalen Virgil,Virgil,,0,4000,BUF@BAL,BUF,BAL,,,,,,WR/FLEX
107295-92283,WR,Phillip,Phillip Brooks,Brooks,,0,4000,KC@LAC,KC,LAC,,,,,,WR/FLEX
107295-110721,WR,Dayton,Dayton Wade,Wade,,0,4000,BUF@BAL,BAL,BUF,,,,,,WR/FLEX
107295-170113,TE,Kehinde,Kehinde Oginni,Oginni,,0,4000,NO@ATL,ATL,NO,,,,,,TE/FLEX
107295-94345,TE,Cole,Cole Turner,Turner,2.1875,8,4000,WAS@ARI,WAS,ARI,,,,,,TE/FLEX
107295-63625,RB,Nyheim,Nyheim Hines,Hines,,0,4000,CLE@LV,CLE,LV,IR,Knee - acl,,,,RB/FLEX
107295-155790,TE,Izaiah,Izaiah Gathings,Gathings,,0,4000,KC@LAC,KC,LAC,Q,Hamstring,,,,TE/FLEX
107295-71821,WR,Joe,Joe Reed,Reed,,0,4000,LAR@CHI,CHI,LAR,Q,Undisclosed,,,,WR/FLEX
107295-112780,WR,Jamari,Jamari Thrash,Thrash,,0,4000,CLE@LV,CLE,LV,,,,,,WR/FLEX
107295-53390,WR,Zach,Zach Pascal,Pascal,0.4333333439297146,9,4000,WAS@ARI,ARI,WAS,,,,,,WR/FLEX
107295-94363,WR,Elijah,Elijah Cooks,Cooks,1.7666667302449544,3,4000,JAC@HOU,JAC,HOU,,,,,,WR/FLEX
107295-92331,TE,Johnny,Johnny Lumpkin,Lumpkin,,0,4000,MIN@GB,GB,MIN,,,,,,TE/FLEX
107295-86192,WR,KJ,KJ Hamler,Hamler,,0,4000,BUF@BAL,BUF,BAL,,,,,,WR/FLEX
107295-24755,WR,Jamison,Jamison Crowder,Crowder,1,1,4000,WAS@ARI,WAS,ARI,Q,Calf,,,,WR/FLEX
107295-86203,WR,Justin,Justin Shorter,Shorter,,0,4000,CLE@LV,LV,CLE,,,,,,WR/FLEX
107295-151737,TE,E.J.,E.J. Jenkins,Jenkins,,0,4000,PHI@TB,PHI,TB,,,,,,TE/FLEX
107295-32957,TE,Eric,Eric Tomlinson,Tomlinson,0,1,4000,KC@LAC,LAC,KC,,,,,,TE/FLEX
107295-129219,RB,Israel,Israel Abanikanda,Abanikanda,1.8285714558192663,7,4000,DEN@NYJ,NYJ,DEN,,,,,,RB/FLEX
107295-149710,WR,Mike,Mike Strachan,Strachan,2.5,2,4000,CIN@CAR,CAR,CIN,,,,,,WR/FLEX
107295-166095,RB,Cody,Cody Schrader,Schrader,,0,4000,LAR@CHI,LAR,CHI,,,,,,RB/FLEX
107295-69836,WR,Collin,Collin Johnson,Johnson,1.600000023841858,1,4000,LAR@CHI,CHI,LAR,,,,,,WR/FLEX
107295-149708,TE,Zach,Zach Davidson,Davidson,,0,4000,BUF@BAL,BUF,BAL,,,,,,TE/FLEX
107295-63697,TE,Brycen,Brycen Hopkins,Hopkins,2.0600000381469727,5,4000,LAR@CHI,LAR,CHI,,,,,,TE/FLEX
107295-112850,RB,Michael,Michael Wiley,Wiley,,0,4000,WAS@ARI,WAS,ARI,,,,,,RB/FLEX
107295-129240,WR,Tyler,Tyler Scott,Scott,2.1076922783484826,13,4000,LAR@CHI,CHI,LAR,,,,,,WR/FLEX
107295-170206,TE,Rodney,Rodney Williams,Williams,0,3,4000,PIT@IND,PIT,IND,,,,,,TE/FLEX
107295-149727,TE,Bernhard,Bernhard Seikovits,Seikovits,,0,4000,WAS@ARI,ARI,WAS,,,,,,TE/FLEX
107295-57565,RB,Austin,Austin Walter,Walter,,0,4000,CLE@LV,LV,CLE,Q,Undisclosed,,,,RB/FLEX
107295-86238,TE,Zack,Zack Kuntz,Kuntz,,0,4000,DEN@NYJ,NYJ,DEN,,,,,,TE/FLEX
107295-155875,TE,Lincoln,Lincoln Sefcik,Sefcik,,0,4000,DEN@NYJ,NYJ,DEN,,,,,,TE/FLEX
107295-170208,WR,Kaden,Kaden Davis,Davis,,0,4000,DEN@NYJ,DEN,NYJ,,,,,,WR/FLEX
107295-170209,WR,Tyreik,Tyreik McAllister,McAllister,,0,4000,CLE@LV,LV,CLE,,,,,,WR/FLEX
107295-88290,WR,Jeshaun,Jeshaun Jones,Jones,,0,4000,MIN@GB,MIN,GB,,,,,,WR/FLEX
107295-170213,RB,Aaron,Aaron Shampklin,Shampklin,,0,4000,PIT@IND,PIT,IND,,,,,,RB/FLEX
107295-28907,WR,Alex,Alex Erickson,Erickson,4.1333334181043835,9,4000,KC@LAC,LAC,KC,,,,,,WR/FLEX
107295-149742,RB,Nate,Nate McCrary,McCrary,,0,4000,MIN@GB,GB,MIN,Q,Undisclosed,,,,RB/FLEX
107295-202989,WR,Praise,Praise Olatoke,Olatoke,,0,4000,CIN@CAR,CAR,CIN,,,,,,WR/FLEX
107295-90353,WR,Jesse,Jesse Matthews,Matthews,,0,4000,NO@ATL,ATL,NO,,,,,,WR/FLEX
107295-12535,D,Indianapolis,Indianapolis Colts,Colts,6.333333333333333,3,4000,PIT@IND,IND,PIT,,,,,,DEF
107295-53498,WR,Richie,Richie James Jr.,James Jr.,1.1923076923076923,13,4000,KC@LAC,KC,LAC,,,,,,WR/FLEX
107295-92413,RB,Elijah,Elijah Mitchell,Mitchell,4,13,4000,NE@SF,SF,NE,IR,Hamstring,,,,RB/FLEX
107295-61693,TE,Danny,Danny Pinter,Pinter,,0,4000,PIT@IND,IND,PIT,,,,,,TE/FLEX
107295-71935,WR,Kendric,Kendric Pryor,Pryor,,0,4000,CIN@CAR,CIN,CAR,,,,,,WR/FLEX
107295-131328,RB,Zach,Zach Evans,Evans,0.3799999952316284,5,4000,LAR@CHI,LAR,CHI,,,,,,RB/FLEX
107295-12546,D,Arizona,Arizona Cardinals,Cardinals,8.333333333333334,3,4000,WAS@ARI,ARI,WAS,,,,,,DEF
107295-94481,WR,Deven,Deven Thompkins,Thompkins,1.572222179836697,18,4000,CIN@CAR,CAR,CIN,Q,Hamstring,,,,WR/FLEX
107295-137488,RB,Rasheen,Rasheen Ali,Ali,,0,4000,BUF@BAL,BAL,BUF,IR,Neck,,,,RB/FLEX
107295-71957,WR,Quintez,Quintez Cephus,Cephus,,0,4000,LAR@CHI,LAR,CHI,,,,,,WR/FLEX
107295-184599,WR,Leon,Leon Johnson,Johnson,,0,4000,KC@LAC,LAC,KC,,,,,,WR/FLEX
107295-90390,TE,Dallin,Dallin Holker,Holker,,0,4000,NO@ATL,NO,ATL,,,,,,TE/FLEX
107295-33047,WR,Chris,Chris Moore,Moore,3.8199999491373697,15,4000,WAS@ARI,ARI,WAS,,,,,,WR/FLEX
107295-102696,WR,John,John Metchie III,Metchie III,2.066666666666667,15,4000,JAC@HOU,HOU,JAC,,,,,,WR/FLEX
107295-90408,WR,Dax,Dax Milne,Milne,,0,4000,CLE@LV,LV,CLE,,,,,,WR/FLEX
107295-92465,WR,Sean,Sean Ryan,Ryan,,0,4000,BUF@BAL,BAL,BUF,,,,,,WR/FLEX
107295-53562,RB,Nick,Nick Chubb,Chubb,10.550000190734863,2,4000,CLE@LV,CLE,LV,NA,Knee - acl + mcl,,,,RB/FLEX
107295-86341,RB,Xazavian,Xazavian Valladay,Valladay,,0,4000,DEN@NYJ,NYJ,DEN,,,,,,RB/FLEX
107295-102735,TE,Trey,Trey Knox,Knox,,0,4000,MIN@GB,MIN,GB,Q,Undisclosed,,,,TE/FLEX
107295-168277,WR,Latreal,Latreal Jones,Jones,,0,4000,PHI@TB,TB,PHI,,,,,,WR/FLEX
107295-41305,WR,Zay,Zay Jones,Jones,6.1099998474121096,10,4000,WAS@ARI,ARI,WAS,IR,Suspension,,,,WR/FLEX
107295-90458,RB,Troy,Troy Hairston,Hairston,,0,4000,JAC@HOU,HOU,JAC,,,,,,RB/FLEX
107295-133473,WR,Marcus,Marcus Rosemy-Jacksaint,Rosemy-Jacksaint,,0,4000,PHI@TB,PHI,TB,,,,,,WR/FLEX
107295-88421,WR,Daewood,Daewood Davis,Davis,,0,4000,CIN@CAR,CAR,CIN,Q,Thigh,,,,WR/FLEX
107295-153957,TE,Zaire,Zaire Mitchell-Paden,Mitchell-Paden,,0,4000,BUF@BAL,BAL,BUF,,,,,,TE/FLEX
107295-102762,RB,Kevin,Kevin Harris,Harris,4.949999809265137,4,4000,NE@SF,NE,SF,,,,,,RB/FLEX
107295-133487,RB,Daijun,Daijun Edwards,Edwards,,0,4000,PIT@IND,PIT,IND,,,,,,RB/FLEX
107295-90483,TE,Bernhard,Bernhard Raimann,Raimann,0,2,4000,PIT@IND,IND,PIT,,,,,,TE/FLEX
107295-22898,RB,Brandon,Brandon Bolden,Bolden,2.220000076293945,5,4000,CLE@LV,LV,CLE,,,,,,RB/FLEX
107295-110978,RB,Evan,Evan Hull,Hull,1.2000000476837158,1,4000,PIT@IND,IND,PIT,,,,,,RB/FLEX
107295-90501,WR,Julian,Julian Hicks,Hicks,,0,4000,MIN@GB,GB,MIN,,,,,,WR/FLEX
107295-70023,WR,Cornell,Cornell Powell,Powell,,0,4000,KC@LAC,KC,LAC,,,,,,WR/FLEX
107295-102796,WR,Ricky,Ricky Pearsall,Pearsall,,0,4000,NE@SF,SF,NE,IR,Chest,,,,WR/FLEX
107295-88463,WR,Johnny,Johnny Johnson III,Johnson III,,0,4000,JAC@HOU,HOU,JAC,,,,,,WR/FLEX
107295-43416,WR,Trent,Trent Taylor,Taylor,-0.16923077289874738,13,4000,NE@SF,SF,NE,,,,,,WR/FLEX
107295-70043,TE,Cole,Cole Fotheringham,Fotheringham,1.100000023841858,1,4000,JAC@HOU,HOU,JAC,,,,,,TE/FLEX
107295-90522,TE,Cameron,Cameron Latu,Latu,,0,4000,CLE@LV,CLE,LV,,,,,,TE/FLEX
107295-92573,TE,Travis,Travis Vokolek,Vokolek,,0,4000,WAS@ARI,ARI,WAS,,,,,,TE/FLEX
107295-92575,RB,Isiah,Isiah Pacheco,Pacheco,14.199999809265137,2,4000,KC@LAC,KC,LAC,IR,Lower leg,,,,RB/FLEX
107295-94625,WR,Jalen,Jalen Reagor,Reagor,2.5,10,4000,KC@LAC,LAC,KC,,,,,,WR/FLEX
107295-80289,WR,Kendrick,Kendrick Bourne,Bourne,10.1875,8,4000,NE@SF,NE,SF,NA,Knee - acl,,,,WR/FLEX
107295-80294,TE,Anthony,Anthony Firkser,Firkser,1.2999999523162842,1,4000,DEN@NYJ,NYJ,DEN,,,,,,TE/FLEX
107295-43433,RB,Boston,Boston Scott,Scott,0.9857142993382045,14,4000,PIT@IND,PIT,IND,Q,Undisclosed,,,,RB/FLEX
107295-80299,RB,Patrick,Patrick Ricard,Ricard,0,1,4000,BUF@BAL,BAL,BUF,,,,,,RB/FLEX
107295-102831,TE,Davis,Davis Allen,Allen,0,1,4000,LAR@CHI,LAR,CHI,Q,Back,,,,TE/FLEX
107295-111022,WR,Terique,Terique Owens,Owens,,0,4000,NE@SF,SF,NE,Q,Hand,,,,WR/FLEX
107295-92590,RB,Raheem,Raheem Blackshear,Blackshear,0,3,4000,CIN@CAR,CAR,CIN,,,,,,RB/FLEX
107295-102836,WR,Joseph,Joseph Ngata,Ngata,,0,4000,PHI@TB,PHI,TB,Q,Ankle,,,,WR/FLEX
107295-92606,WR,Bo,Bo Melton,Melton,0.4000000059604645,2,4000,MIN@GB,GB,MIN,,,,,,WR/FLEX
107295-55748,WR,James,James Washington,Washington,,0,4000,NO@ATL,ATL,NO,,,,,,WR/FLEX
107295-113096,WR,Xavier,Xavier Smith,Smith,0,1,4000,LAR@CHI,LAR,CHI,,,,,,WR/FLEX
107295-88525,WR,Kawaan,Kawaan Baker,Baker,,0,4000,NE@SF,NE,SF,,,,,,WR/FLEX
107295-117201,WR,Isaiah,Isaiah Winstead,Winstead,,0,4000,DEN@NYJ,NYJ,DEN,,,,,,WR/FLEX
107295-90583,WR,Tyrell,Tyrell Shavers,Shavers,,0,4000,BUF@BAL,BUF,BAL,,,,,,WR/FLEX
107295-88536,WR,Cephus,Cephus Johnson III,Johnson III,,0,4000,PHI@TB,TB,PHI,,,,,,WR/FLEX
107295-133599,RB,Emani,Emani Bailey,Bailey,,0,4000,KC@LAC,KC,LAC,,,,,,RB/FLEX
107295-63967,WR,Lucky,Lucky Jackson,Jackson,,0,4000,MIN@GB,MIN,GB,,,,,,WR/FLEX
107295-80353,TE,Robert,Robert Tonyan,Tonyan,1.3916667302449544,12,4000,MIN@GB,MIN,GB,,,,,,TE/FLEX
107295-88547,WR,Jalen,Jalen Wayne,Wayne,,0,4000,MIN@GB,GB,MIN,,,,,,WR/FLEX
107295-102882,WR,Anthony,Anthony Gould,Gould,0,2,4000,PIT@IND,IND,PIT,,,,,,WR/FLEX
107295-14820,RB,Nick,Nick Bellore,Bellore,0,2,4000,WAS@ARI,WAS,ARI,,,,,,RB/FLEX
107295-129508,WR,Duece,Duece Watts,Watts,,0,4000,PIT@IND,PIT,IND,,,,,,WR/FLEX
107295-31207,TE,C.J.,C.J. Uzomah,Uzomah,2.257142884390695,7,4000,PHI@TB,PHI,TB,,,,,,TE/FLEX
107295-102893,RB,Tyrion,Tyrion Davis-Price,Davis-Price,1.0499999523162842,2,4000,PHI@TB,PHI,TB,,,,,,RB/FLEX
107295-156152,WR,Tejhaun,Tejhaun Palmer,Palmer,,0,4000,WAS@ARI,ARI,WAS,,,,,,WR/FLEX
107295-41475,WR,John,John Ross III,Ross III,,0,4000,PHI@TB,PHI,TB,,,,,,WR/FLEX
107295-92677,WR,Zavier,Zavier Scott,Scott,,0,4000,MIN@GB,MIN,GB,,,,,,WR/FLEX
107295-90628,TE,Griffin,Griffin Hebert,Hebert,,0,4000,PHI@TB,PHI,TB,,,,,,TE/FLEX
107295-102922,WR,Ramel,Ramel Keyton,Keyton,,0,4000,CLE@LV,LV,CLE,,,,,,WR/FLEX
107295-201230,RB,Dylan,Dylan Laube,Laube,,0,4000,CLE@LV,LV,CLE,,,,,,RB/FLEX
107295-94737,RB,Jarveon,Jarveon Howard,Howard,,0,4000,MIN@GB,GB,MIN,Q,Undisclosed,,,,RB/FLEX
107295-6672,TE,Marcedes,Marcedes Lewis,Lewis,1.3624999523162842,8,4000,LAR@CHI,CHI,LAR,,,,,,TE/FLEX
107295-160278,TE,Zach,Zach Heins,Heins,,0,4000,KC@LAC,LAC,KC,,,,,,TE/FLEX
107295-160292,WR,Jaxon,Jaxon Janke,Janke,,0,4000,JAC@HOU,HOU,JAC,Q,Undisclosed,,,,WR/FLEX
107295-201257,WR,Devron,Devron Harper,Harper,,0,4000,MIN@GB,MIN,GB,,,,,,WR/FLEX
107295-201263,WR,Kyle,Kyle Sheets,Sheets,,0,4000,KC@LAC,KC,LAC,,,,,,WR/FLEX
107295-102957,WR,John,John Jackson III,Jackson III,,0,4000,LAR@CHI,CHI,LAR,,,,,,WR/FLEX
107295-201261,WR,Jermaine,Jermaine Jackson,Jackson,,0,4000,NO@ATL,NO,ATL,Q,Undisclosed,,,,WR/FLEX
107295-14895,TE,Patrick,Patrick Scales,Scales,0,3,4000,LAR@CHI,CHI,LAR,IR,Back,,,,TE/FLEX
107295-102960,RB,D.J.,D.J. Williams,Williams,,0,4000,PHI@TB,TB,PHI,,,,,,RB/FLEX
107295-57909,RB,Marlon,Marlon Mack,Mack,,0,4000,WAS@ARI,ARI,WAS,Q,Achilles,,,,RB/FLEX
107295-201283,WR,David,David White Jr.,White Jr.,,0,4000,JAC@HOU,JAC,HOU,IR,Knee - acl,,,,WR/FLEX
107295-201282,WR,Wayne,Wayne Ruby,Ruby,,0,4000,JAC@HOU,JAC,HOU,Q,Undisclosed,,,,WR/FLEX
107295-201281,RB,Jalen,Jalen Jackson,Jackson,,0,4000,JAC@HOU,JAC,HOU,,,,,,RB/FLEX
107295-102980,RB,Austin,Austin Jones,Jones,,0,4000,WAS@ARI,WAS,ARI,,,,,,RB/FLEX
107295-201284,WR,Brevin,Brevin Easton,Easton,,0,4000,JAC@HOU,JAC,HOU,,,,,,WR/FLEX
107295-86601,RB,SaRodorick,SaRodorick Thompson Jr.,Thompson Jr.,,0,4000,LAR@CHI,LAR,CHI,,,,,,RB/FLEX
107295-86612,TE,Brayden,Brayden Willis,Willis,0,1,4000,NE@SF,SF,NE,,,,,,TE/FLEX
107295-62042,WR,Deon,Deon Cain,Cain,,0,4000,CIN@CAR,CAR,CIN,,,,,,WR/FLEX
107295-64097,TE,La'Michael,La'Michael Pettway,Pettway,,0,4000,NE@SF,NE,SF,,,,,,TE/FLEX
107295-201313,WR,JJ,JJ Laap,Laap,,0,4000,LAR@CHI,LAR,CHI,,,,,,WR/FLEX
107295-66155,TE,Michael,Michael Jacobson,Jacobson,,0,4000,NO@ATL,NO,ATL,,,,,,TE/FLEX
107295-88685,WR,Austin,Austin Trammell,Trammell,0.20714286395481654,14,4000,JAC@HOU,JAC,HOU,,,,,,WR/FLEX
107295-103020,WR,Puka,Puka Nacua,Nacua,6.199999809265137,1,4000,LAR@CHI,LAR,CHI,IR,Knee - pcl,,,,WR/FLEX
107295-139884,TE,Jordan,Jordan Murray,Murray,,0,4000,WAS@ARI,ARI,WAS,,,,,,TE/FLEX
107295-88699,RB,Jaret,Jaret Patterson,Patterson,,0,4000,KC@LAC,LAC,KC,,,,,,RB/FLEX
107295-201342,RB,Chris,Chris Collier,Collier,,0,4000,BUF@BAL,BAL,BUF,,,,,,RB/FLEX
107295-201341,WR,Jelani,Jelani Baker,Baker,,0,4000,BUF@BAL,BAL,BUF,,,,,,WR/FLEX
107295-201345,TE,Mike,Mike Rigerman,Rigerman,,0,4000,BUF@BAL,BAL,BUF,,,,,,TE/FLEX
107295-201344,WR,DeAngelo,DeAngelo Hardy,Hardy,,0,4000,BUF@BAL,BAL,BUF,,,,,,WR/FLEX
107295-94855,RB,Jacob,Jacob Kibodi,Kibodi,,0,4000,NO@ATL,NO,ATL,,,,,,RB/FLEX
107295-70282,WR,Demetric,Demetric Felton,Felton,,0,4000,PIT@IND,IND,PIT,,,,,,WR/FLEX
107295-86671,WR,Drake,Drake Stoops,Stoops,,0,4000,LAR@CHI,LAR,CHI,,,,,,WR/FLEX
107295-86687,WR,Hollywood,Hollywood Brown,Brown,8.3999997652494,13,4000,KC@LAC,KC,LAC,IR,Shoulder,,,,WR/FLEX
107295-55970,RB,Royce,Royce Freeman,Freeman,5.077777862548828,9,4000,CLE@LV,CLE,LV,,,,,,RB/FLEX
107295-103081,TE,Austin,Austin Stogner,Stogner,,0,4000,NO@ATL,ATL,NO,,,,,,TE/FLEX
107295-94888,TE,Messiah,Messiah Swinson,Swinson,,0,4000,CIN@CAR,CAR,CIN,,,,,,TE/FLEX
107295-86703,WR,Tanner,Tanner Knue,Knue,,0,4000,PHI@TB,TB,PHI,,,,,,WR/FLEX
107295-96942,WR,Keelan,Keelan Doss,Doss,3.1500000953674316,2,4000,CLE@LV,LV,CLE,Q,Undisclosed,,,,WR/FLEX
107295-64175,WR,Hakeem,Hakeem Butler,Butler,,0,4000,CIN@CAR,CIN,CAR,,,,,,WR/FLEX
107295-58041,RB,Mike,Mike Boone,Boone,0.699999988079071,1,4000,CIN@CAR,CAR,CIN,,,,,,RB/FLEX
107295-193226,TE,Mason,Mason Pline,Pline,,0,4000,NE@SF,SF,NE,,,,,,TE/FLEX
107295-160463,TE,Tanner,Tanner McLachlan,McLachlan,,0,4000,CIN@CAR,CIN,CAR,,,,,,TE/FLEX
107295-53967,RB,Nick,Nick Bawden,Bawden,2,5,4000,JAC@HOU,HOU,JAC,,,,,,RB/FLEX
107295-92891,RB,Elijah,Elijah Collins,Collins,,0,4000,CIN@CAR,CIN,CAR,,,,,,RB/FLEX
107295-86747,WR,Dylan,Dylan Drummond,Drummond,,0,4000,NO@ATL,ATL,NO,,,,,,WR/FLEX
107295-64221,TE,Zach,Zach Gentry,Gentry,,0,4000,CLE@LV,LV,CLE,,,,,,TE/FLEX
107295-103135,TE,Baylor,Baylor Cupp,Cupp,,0,4000,KC@LAC,KC,LAC,O,Undisclosed,,,,TE/FLEX
107295-56041,RB,Khari,Khari Blasingame,Blasingame,0.47777779897054035,9,4000,LAR@CHI,CHI,LAR,Q,Hand,,,,RB/FLEX
107295-72427,WR,Kwamie,Kwamie Lassiter II,Lassiter II,0.699999988079071,1,4000,CIN@CAR,CIN,CAR,,,,,,WR/FLEX
107295-135916,WR,Brenden,Brenden Rice,Rice,,0,4000,KC@LAC,LAC,KC,,,,,,WR/FLEX
107295-70383,RB,Darrynton,Darrynton Evans,Evans,4.416666666666667,6,4000,BUF@BAL,BUF,BAL,IR,Hamstring,,,,RB/FLEX
107295-88816,TE,Peyton,Peyton Hendershot,Hendershot,0.8285714558192662,7,4000,KC@LAC,KC,LAC,,,,,,TE/FLEX
107295-54007,TE,Jacob,Jacob Hollister,Hollister,,0,4000,CIN@CAR,CAR,CIN,,,,,,TE/FLEX
107295-86778,TE,Devin,Devin Culp,Culp,,0,4000,PHI@TB,TB,PHI,,,,,,TE/FLEX
107295-86781,WR,Terrell,Terrell Bynum,Bynum,,0,4000,CLE@LV,LV,CLE,,,,,,WR/FLEX
107295-47870,TE,Tyler,Tyler Higbee,Higbee,5.3125,16,4000,LAR@CHI,LAR,CHI,NA,Knee - acl + mcl,,,,TE/FLEX
107295-72453,WR,Denzel,Denzel Mims,Mims,,0,4000,JAC@HOU,JAC,HOU,,,,,,WR/FLEX
107295-27403,TE,Blake,Blake Bell,Bell,1.3000000544956751,7,4000,KC@LAC,KC,LAC,,,,,,TE/FLEX
107295-86800,TE,Colson,Colson Yankoff,Yankoff,,0,4000,WAS@ARI,WAS,ARI,,,,,,TE/FLEX
107295-92957,WR,Marcus,Marcus Riley,Riley,,0,4000,DEN@NYJ,NYJ,DEN,,,,,,WR/FLEX
107295-201508,WR,Jaaron,Jaaron Hayek,Hayek,,0,4000,KC@LAC,KC,LAC,IR,Shoulder,,,,WR/FLEX
107295-92970,WR,Tyler,Tyler Harrell,Harrell,,0,4000,DEN@NYJ,NYJ,DEN,,,,,,WR/FLEX
107295-72493,WR,Trishton,Trishton Jackson,Jackson,1.3000000317891438,3,4000,MIN@GB,MIN,GB,,,,,,WR/FLEX
107295-201526,RB,Ian,Ian Wheeler,Wheeler,,0,4000,LAR@CHI,CHI,LAR,IR,Knee,,,,RB/FLEX
107295-103225,RB,Aidan,Aidan Robbins,Robbins,,0,4000,CLE@LV,CLE,LV,,,,,,RB/FLEX
107295-158520,WR,Daylen,Daylen Baldwin,Baldwin,,0,4000,WAS@ARI,ARI,WAS,,,,,,WR/FLEX
107295-201535,WR,Kameron,Kameron Johnson,Johnson,0,1,4000,PHI@TB,TB,PHI,Q,Ankle,,,,WR/FLEX
107295-92990,RB,Hassan,Hassan Hall,Hall,,0,4000,WAS@ARI,ARI,WAS,,,,,,RB/FLEX
107295-72515,TE,Ian,Ian Thomas,Thomas,1.1571429116385323,7,4000,CIN@CAR,CAR,CIN,IR,Calf,,,,TE/FLEX
107295-201547,WR,Jalen,Jalen Coker,Coker,,0,4000,CIN@CAR,CAR,CIN,,,,,,WR/FLEX
107295-201546,TE,Kevin,Kevin Foelsch,Foelsch,,0,4000,PHI@TB,PHI,TB,,,,,,TE/FLEX
107295-201551,RB,Jaden,Jaden Shirden,Shirden,,0,4000,CIN@CAR,CAR,CIN,,,,,,RB/FLEX
107295-58189,TE,Mitchell,Mitchell Fraboni,Fraboni,0,1,4000,DEN@NYJ,DEN,NYJ,,,,,,TE/FLEX
107295-56142,WR,Juwann,Juwann Winfree,Winfree,0,3,4000,PIT@IND,IND,PIT,IR,Undisclosed,,,,WR/FLEX
107295-41806,WR,Laquon,Laquon Treadwell,Treadwell,2.0999999046325684,1,4000,PIT@IND,IND,PIT,,,,,,WR/FLEX
107295-27477,WR,Sterling,Sterling Shepard,Shepard,1.390909108248624,11,4000,PHI@TB,TB,PHI,,,,,,WR/FLEX
107295-201561,WR,Cole,Cole Burgess,Burgess,,0,4000,CIN@CAR,CIN,CAR,,,,,,WR/FLEX
107295-93019,RB,Jack,Jack Colletto,Colletto,,0,4000,PIT@IND,PIT,IND,,,,,,RB/FLEX
107295-136031,WR,Rakim,Rakim Jarrett,Jarrett,1,8,4000,PHI@TB,TB,PHI,IR,Undisclosed,,,,WR/FLEX
107295-64350,WR,Jeff,Jeff Smith,Smith,,0,4000,WAS@ARI,ARI,WAS,Q,Undisclosed,,,,WR/FLEX
107295-201564,TE,Cam,Cam Grandy,Grandy,,0,4000,CIN@CAR,CIN,CAR,,,,,,TE/FLEX
107295-93026,TE,Teagan,Teagan Quitoriano,Quitoriano,1.433333396911621,3,4000,LAR@CHI,CHI,LAR,,,,,,TE/FLEX
107295-66402,TE,Jack,Jack Driscoll,Driscoll,0,1,4000,PHI@TB,PHI,TB,,,,,,TE/FLEX
107295-156527,WR,Devontez,Devontez Walker,Walker,,0,4000,BUF@BAL,BAL,BUF,,,,,,WR/FLEX
107295-119672,RB,Kendall,Kendall Milton,Milton,,0,4000,CIN@CAR,CIN,CAR,,,,,,RB/FLEX
107295-103291,WR,Ahmarean,Ahmarean Brown,Brown,,0,4000,BUF@BAL,BUF,BAL,,,,,,WR/FLEX
107295-115581,WR,Ty,Ty James,James,,0,4000,MIN@GB,MIN,GB,,,,,,WR/FLEX
107295-134023,RB,Keaton,Keaton Mitchell,Mitchell,8.175000190734863,8,4000,BUF@BAL,BAL,BUF,NA,Knee - acl,,,,RB/FLEX
107295-23435,TE,Andrew,Andrew DePaola,DePaola,0,1,4000,MIN@GB,MIN,GB,,,,,,TE/FLEX
107295-103308,RB,Jawhar,Jawhar Jordan,Jordan,,0,4000,JAC@HOU,HOU,JAC,Q,Undisclosed,,,,RB/FLEX
107295-119697,RB,MarShawn,MarShawn Lloyd,Lloyd,2.299999952316284,1,4000,MIN@GB,GB,MIN,IR,Ankle,,,,RB/FLEX
107295-93075,TE,Hunter,Hunter Long,Long,,0,4000,LAR@CHI,LAR,CHI,,,,,,TE/FLEX
107295-64403,WR,Irvin,Irvin Charles,Charles,0,2,4000,DEN@NYJ,NYJ,DEN,,,,,,WR/FLEX
107295-56212,TE,Tommy,Tommy Sweeney,Sweeney,0,1,4000,LAR@CHI,CHI,LAR,,,,,,TE/FLEX
107295-64405,WR,Dan,Dan Chisena,Chisena,,0,4000,WAS@ARI,ARI,WAS,,,,,,WR/FLEX
107295-45997,WR,Keith,Keith Kirkwood,Kirkwood,1.524999976158142,8,4000,BUF@BAL,BAL,BUF,,,,,,WR/FLEX
107295-91055,WR,Kevin,Kevin Austin Jr.,Austin Jr.,,0,4000,NO@ATL,NO,ATL,,,,,,WR/FLEX
107295-93107,RB,AJ,AJ Dillon,Dillon,7.106666564941406,15,4000,MIN@GB,GB,MIN,IR,Neck,,,,RB/FLEX
107295-72627,RB,Patrick,Patrick Taylor Jr.,Taylor Jr.,2.281818216497248,11,4000,NE@SF,SF,NE,,,,,,RB/FLEX
107295-138169,TE,Jaheim,Jaheim Bell,Bell,,0,4000,NE@SF,NE,SF,,,,,,TE/FLEX
107295-43973,RB,Keith,Keith Smith,Smith,0.6857143129621234,7,4000,NO@ATL,ATL,NO,Q,Ankle,,,,RB/FLEX
107295-70601,TE,Harrison,Harrison Bryant,Bryant,0,1,4000,CLE@LV,LV,CLE,,,,,,TE/FLEX
107295-95180,WR,Sam,Sam Wiglusz,Wiglusz,,0,4000,LAR@CHI,LAR,CHI,,,,,,WR/FLEX
107295-93134,RB,Deon,Deon Jackson,Jackson,0.75,2,4000,DEN@NYJ,NYJ,DEN,,,,,,RB/FLEX
107295-41936,WR,Anthony,Anthony Miller,Miller,,0,4000,BUF@BAL,BAL,BUF,,,,,,WR/FLEX
107295-95184,WR,Xavier,Xavier Johnson,Johnson,,0,4000,JAC@HOU,HOU,JAC,,,,,,WR/FLEX
107295-72665,TE,Kenny,Kenny Yeboah,Yeboah,1.899999976158142,2,4000,DEN@NYJ,NYJ,DEN,IR,Groin,,,,TE/FLEX
107295-91098,WR,Lawrence,Lawrence Keys III,Keys III,,0,4000,BUF@BAL,BUF,BAL,Q,Leg,,,,WR/FLEX
107295-103390,WR,Tre,Tre Mosley,Mosley,,0,4000,CIN@CAR,CIN,CAR,,,,,,WR/FLEX
107295-54239,TE,Matt,Matt Sokol,Sokol,,0,4000,PIT@IND,PIT,IND,,,,,,TE/FLEX
107295-87011,RB,Markese,Markese Stepp,Stepp,,0,4000,DEN@NYJ,NYJ,DEN,Q,Undisclosed,,,,RB/FLEX
107295-72705,TE,John,John Bates,Bates,0.5,2,4000,WAS@ARI,WAS,ARI,,,,,,TE/FLEX
107295-70663,WR,Frank,Frank Darby,Darby,,0,4000,NE@SF,SF,NE,Q,Undisclosed,,,,WR/FLEX
107295-166926,WR,Joseph,Joseph Scates,Scates,,0,4000,JAC@HOU,JAC,HOU,,,,,,WR/FLEX
107295-72725,TE,Irv,Irv Smith Jr.,Smith Jr.,2.7222222222222223,9,4000,JAC@HOU,HOU,JAC,,,,,,TE/FLEX
107295-70680,WR,Jalen,Jalen Camp,Camp,,0,4000,CLE@LV,CLE,LV,,,,,,WR/FLEX
107295-89127,WR,Justin,Justin Hall,Hall,,0,4000,MIN@GB,MIN,GB,,,,,,WR/FLEX
107295-154661,WR,Michael,Michael Bandy,Bandy,,0,4000,DEN@NYJ,DEN,NYJ,,,,,,WR/FLEX
107295-62505,TE,MyCole,MyCole Pruitt,Pruitt,1.399999976158142,1,4000,PIT@IND,PIT,IND,O,Knee,,,,TE/FLEX
107295-152631,WR,Samori,Samori Toure,Toure,1.1800000190734863,10,4000,LAR@CHI,CHI,LAR,,,,,,WR/FLEX
107295-64575,RB,Derrick,Derrick Gore,Gore,1.2999999523162842,2,4000,WAS@ARI,WAS,ARI,,,,,,RB/FLEX
107295-64576,RB,Damien,Damien Harris,Harris,3,6,4000,BUF@BAL,BUF,BAL,,,,,,RB/FLEX
107295-72772,RB,Avery,Avery Williams,Williams,0,3,4000,NO@ATL,ATL,NO,,,,,,RB/FLEX
107295-87112,WR,Josh,Josh Ali,Ali,,0,4000,NO@ATL,ATL,NO,,,,,,WR/FLEX
107295-27721,WR,Justin,Justin Hardee Sr.,Hardee Sr.,,0,4000,CIN@CAR,CAR,CIN,,,,,,WR/FLEX
107295-87117,TE,Brenden,Brenden Bates,Bates,,0,4000,DEN@NYJ,NYJ,DEN,,,,,,TE/FLEX
107295-68685,WR,Austin,Austin Mack,Mack,,0,4000,NO@ATL,ATL,NO,,,,,,WR/FLEX
107295-87122,WR,Lynn,Lynn Bowden Jr.,Bowden Jr.,1.8888888888888888,9,4000,NO@ATL,NO,ATL,,,,,,WR/FLEX
107295-42077,TE,James,James Winchester,Winchester,0,2,4000,KC@LAC,KC,LAC,,,,,,TE/FLEX
107295-46177,TE,David,David Wells,Wells,0,3,4000,PHI@TB,TB,PHI,,,,,,TE/FLEX
107295-91235,TE,Geor'Quarius,Geor'Quarius Spivey,Spivey,,0,4000,KC@LAC,KC,LAC,,,,,,TE/FLEX
107295-68714,TE,Ko,Ko Kieft,Kieft,1.3399999618530274,5,4000,PHI@TB,TB,PHI,Q,Ankle,,,,TE/FLEX
107295-64627,WR,Scotty,Scotty Washington,Washington,,0,4000,BUF@BAL,BAL,BUF,O,Hand,,,,WR/FLEX
107295-64634,WR,Alex,Alex Bachman,Bachman,,0,4000,CLE@LV,LV,CLE,,,,,,WR/FLEX
107295-68730,TE,Sean,Sean McKeon,McKeon,0,4,4000,PIT@IND,IND,PIT,,,,,,TE/FLEX
107295-199819,RB,Louis,Louis Rees-Zammit,Rees-Zammit,,0,4000,JAC@HOU,JAC,HOU,,,,,,RB/FLEX
107295-83081,RB,Chase,Chase Edmonds,Edmonds,2.6600001017252604,15,4000,PHI@TB,TB,PHI,IR,Knee,,,,RB/FLEX
107295-87179,TE,Thomas,Thomas Yassmin,Yassmin,,0,4000,DEN@NYJ,DEN,NYJ,,,,,,TE/FLEX
107295-95370,TE,Ryan,Ryan Miller,Miller,,0,4000,PHI@TB,TB,PHI,,,,,,TE/FLEX
107295-54426,TE,Andrew,Andrew Beck,Beck,2.3785713740757535,14,4000,MIN@GB,GB,MIN,,,,,,TE/FLEX
107295-93341,WR,Sam,Sam Pinckney,Pinckney,,0,4000,CIN@CAR,CAR,CIN,,,,,,WR/FLEX
107295-72863,TE,Armani,Armani Rogers,Rogers,,0,4000,PHI@TB,PHI,TB,,,,,,TE/FLEX
107295-103584,RB,Noah,Noah Cain,Cain,,0,4000,CIN@CAR,CIN,CAR,,,,,,RB/FLEX
107295-105648,RB,Tyler,Tyler Goodson,Goodson,0.699999988079071,1,4000,PIT@IND,IND,PIT,,,,,,RB/FLEX
107295-173238,RB,Ramon,Ramon Jefferson,Jefferson,,0,4000,PHI@TB,TB,PHI,,,,,,RB/FLEX
107295-87233,WR,Bryan,Bryan Thompson,Thompson,,0,4000,BUF@BAL,BUF,BAL,Q,Hamstring,,,,WR/FLEX
107295-89283,TE,Tre',Tre' McKitty,McKitty,0,1,4000,BUF@BAL,BUF,BAL,,,,,,TE/FLEX
107295-83138,TE,Ross,Ross Dwelley,Dwelley,0.42500001192092896,4,4000,NO@ATL,ATL,NO,,,,,,TE/FLEX
107295-54472,WR,Cam,Cam Sims,Sims,,0,4000,CIN@CAR,CAR,CIN,Q,Undisclosed,,,,WR/FLEX
107295-70859,TE,Albert,Albert Okwuegbunam Jr.,Okwuegbunam Jr.,0,2,4000,PHI@TB,PHI,TB,IR,Abdomen,,,,TE/FLEX
107295-25813,WR,Phillip,Phillip Dorsett II,Dorsett II,0,2,4000,DEN@NYJ,DEN,NYJ,,,,,,WR/FLEX
107295-95455,WR,D.J.,D.J. Montgomery,Montgomery,6.550000190734863,2,4000,PIT@IND,IND,PIT,,,,,,WR/FLEX
107295-91361,RB,Hassan,Hassan Haskins,Haskins,1.100000023841858,1,4000,KC@LAC,LAC,KC,,,,,,RB/FLEX
107295-93408,WR,Rondale,Rondale Moore,Moore,5,17,4000,NO@ATL,ATL,NO,IR,Knee,,,,WR/FLEX
107295-130275,WR,Kristian,Kristian Wilkerson,Wilkerson,0,1,4000,CLE@LV,LV,CLE,,,,,,WR/FLEX
107295-130288,RB,James,James Robinson,Robinson,0.5,1,4000,NO@ATL,NO,ATL,,,,,,RB/FLEX
107295-11512,TE,Jimmy,Jimmy Graham,Graham,4.414285659790039,7,4000,NO@ATL,NO,ATL,,,,,,TE/FLEX
107295-158968,RB,Jonathon,Jonathon Brooks,Brooks,,0,4000,CIN@CAR,CAR,CIN,IR,Knee - acl,,,,RB/FLEX
107295-115971,WR,Shaquan,Shaquan Davis,Davis,,0,4000,PIT@IND,PIT,IND,,,,,,WR/FLEX
107295-111888,TE,Luke,Luke Benson,Benson,,0,4000,KC@LAC,LAC,KC,,,,,,TE/FLEX
107295-83226,TE,Kevin,Kevin Rader,Rader,0.2750000059604645,4,4000,NO@ATL,NO,ATL,Q,Undisclosed,,,,TE/FLEX
107295-185639,WR,Keilahn,Keilahn Harris,Harris,,0,4000,PIT@IND,PIT,IND,Q,Undisclosed,,,,WR/FLEX
107295-91428,WR,Tarik,Tarik Black,Black,,0,4000,PIT@IND,PIT,IND,Q,Undisclosed,,,,WR/FLEX
107295-91431,RB,Ben,Ben Mason,Mason,,0,4000,KC@LAC,LAC,KC,Q,Undisclosed,,,,RB/FLEX
107295-130350,WR,Jaylon,Jaylon Moore,Moore,,0,4000,JAC@HOU,JAC,HOU,Q,Undisclosed,,,,WR/FLEX
107295-91443,TE,McCallan,McCallan Castles,Castles,,0,4000,PHI@TB,PHI,TB,Q,Undisclosed,,,,TE/FLEX
107295-87367,TE,Jacob,Jacob Warren,Warren,,0,4000,NE@SF,NE,SF,,,,,,TE/FLEX
107295-64841,WR,Equanimeous,Equanimeous St. Brown,St. Brown,1.7399999618530273,5,4000,NO@ATL,NO,ATL,,,,,,WR/FLEX
107295-64843,WR,Jalen,Jalen Guyton,Guyton,2.8428570883614674,7,4000,CLE@LV,LV,CLE,,,,,,WR/FLEX
107295-54608,RB,Jerick,Jerick McKinnon,McKinnon,5.72000004695012,13,4000,KC@LAC,KC,LAC,,,,,,RB/FLEX
107295-101718,TE,Riley,Riley Sharp,Sharp,,0,4000,BUF@BAL,BAL,BUF,,,,,,TE/FLEX
107295-73046,WR,Tre,Tre Nixon,Nixon,,0,4000,NE@SF,NE,SF,,,,,,WR/FLEX
107295-91481,WR,Nikko,Nikko Remigio,Remigio,,0,4000,KC@LAC,KC,LAC,,,,,,WR/FLEX
107295-91488,RB,Chris,Chris Brooks,Brooks,0.30000001192092896,1,4000,MIN@GB,GB,MIN,,,,,,RB/FLEX
107295-93539,RB,Michael,Michael Carter,Carter,3.11999994913737,15,4000,WAS@ARI,ARI,WAS,,,,,,RB/FLEX
107295-111978,WR,Tayvion,Tayvion Robinson,Robinson,,0,4000,CIN@CAR,CAR,CIN,Q,Undisclosed,,,,WR/FLEX
107295-68975,TE,Josh,Josh Pederson,Pederson,,0,4000,JAC@HOU,JAC,HOU,Q,Ankle,,,,TE/FLEX
107295-114039,WR,Peter,Peter LeBlanc,LeBlanc,,0,4000,LAR@CHI,CHI,LAR,,,,,,WR/FLEX
107295-60791,TE,Tommy,Tommy Hudson,Hudson,,0,4000,NO@ATL,NO,ATL,Q,Undisclosed,,,,TE/FLEX
107295-56698,WR,Dante,Dante Pettis,Pettis,,0,4000,LAR@CHI,CHI,LAR,Q,Undisclosed,,,,WR/FLEX
107295-185728,TE,Patrick,Patrick Murtagh,Murtagh,,0,4000,JAC@HOU,JAC,HOU,IR,Ankle,,,,TE/FLEX
107295-114053,TE,Neal,Neal Johnson,Johnson,,0,4000,MIN@GB,MIN,GB,,,,,,TE/FLEX
107295-73095,WR,Samson,Samson Nacua,Nacua,,0,4000,NO@ATL,NO,ATL,,,,,,WR/FLEX
107295-191887,WR,Rory,Rory Starkey,Starkey,,0,4000,MIN@GB,GB,MIN,Q,Calf,,,,WR/FLEX
107295-167311,WR,OJ,OJ Hiliare,Hiliare,,0,4000,NO@ATL,ATL,NO,,,,,,WR/FLEX
107295-138643,WR,Jason,Jason Brownlee,Brownlee,2.8200000762939452,5,4000,DEN@NYJ,NYJ,DEN,,,,,,WR/FLEX
107295-73111,WR,Chase,Chase Claypool,Claypool,2.2125000953674316,8,4000,BUF@BAL,BUF,BAL,Q,Toe,,,,WR/FLEX
107295-185753,WR,T.J.,T.J. Luther,Luther,,0,4000,MIN@GB,GB,MIN,,,,,,WR/FLEX
107295-73121,RB,Tony,Tony Jones Jr.,Jones Jr.,4.783333460489909,6,4000,WAS@ARI,ARI,WAS,,,,,,RB/FLEX
107295-112037,WR,Casey,Casey Washington,Washington,,0,4000,NO@ATL,ATL,NO,,,,,,WR/FLEX
107295-60838,WR,Andre,Andre Baccellia,Baccellia,0,2,4000,WAS@ARI,ARI,WAS,,,,,,WR/FLEX
107295-73130,RB,Chris,Chris Evans,Evans,0.4000000059604645,4,4000,CIN@CAR,CIN,CAR,IR,Leg,,,,RB/FLEX
107295-91565,WR,Jaylen,Jaylen Johnson,Johnson,,0,4000,KC@LAC,LAC,KC,,,,,,WR/FLEX
107295-87469,TE,Jelani,Jelani Woods,Woods,,0,4000,PIT@IND,IND,PIT,IR,Toe,,,,TE/FLEX
107295-114100,RB,Isaiah,Isaiah Spiller,Spiller,1.6,10,4000,KC@LAC,LAC,KC,,,,,,RB/FLEX
107295-114109,WR,Ainias,Ainias Smith,Smith,,0,4000,PHI@TB,PHI,TB,IR,Ankle,,,,WR/FLEX
107295-71105,WR,Ben,Ben Skowronek,Skowronek,1.85,10,4000,PIT@IND,PIT,IND,IR,Shoulder,,,,WR/FLEX
107295-26057,RB,Michael,Michael Burton,Burton,0.699999988079071,2,4000,DEN@NYJ,DEN,NYJ,,,,,,RB/FLEX
107295-173518,WR,Qadir,Qadir Ismail,Ismail,,0,4000,BUF@BAL,BAL,BUF,,,,,,WR/FLEX
107295-69068,RB,Jonathan,Jonathan Ward,Ward,0.36666667461395264,3,4000,PIT@IND,PIT,IND,,,,,,RB/FLEX
107295-136663,RB,DeWayne,DeWayne McBride,McBride,,0,4000,MIN@GB,MIN,GB,,,,,,RB/FLEX
107295-103896,WR,Nsimba,Nsimba Webster,Webster,,0,4000,LAR@CHI,CHI,LAR,IR,Groin,,,,WR/FLEX
107295-87515,WR,Tylan,Tylan Wallace,Wallace,0.949999988079071,8,4000,BUF@BAL,BAL,BUF,,,,,,WR/FLEX
107295-54746,TE,Tyler,Tyler Ott,Ott,0,2,4000,WAS@ARI,WAS,ARI,,,,,,TE/FLEX
107295-157150,RB,Audric,Audric Estime,Estime,1.399999976158142,1,4000,DEN@NYJ,DEN,NYJ,IR,Ankle,,,,RB/FLEX
107295-103901,WR,Davion,Davion Davis,Davis,,0,4000,WAS@ARI,WAS,ARI,,,,,,WR/FLEX
107295-103900,TE,Brandon,Brandon Dillon,Dillon,,0,4000,WAS@ARI,WAS,ARI,Q,Undisclosed,,,,TE/FLEX
107295-91612,WR,Matt,Matt Landers,Landers,,0,4000,NE@SF,NE,SF,,,,,,WR/FLEX
107295-185827,RB,Jacob,Jacob Saylors,Saylors,,0,4000,CLE@LV,CLE,LV,,,,,,RB/FLEX
107295-91618,TE,John,John FitzPatrick,FitzPatrick,0.8500000238418579,2,4000,NO@ATL,ATL,NO,,,,,,TE/FLEX
107295-112101,WR,Jared,Jared Wayne,Wayne,,0,4000,JAC@HOU,HOU,JAC,Q,Knee - meniscus,,,,WR/FLEX
107295-40434,WR,Greg,Greg Ward,Ward,,0,4000,PIT@IND,IND,PIT,,,,,,WR/FLEX
107295-89586,TE,Tucker,Tucker Fisk,Fisk,0.699999988079071,2,4000,KC@LAC,LAC,KC,,,,,,TE/FLEX
107295-32243,WR,Marquise,Marquise Goodwin,Goodwin,1,12,4000,CLE@LV,CLE,LV,,,,,,WR/FLEX
107295-138746,WR,Javon,Javon Baker,Baker,,0,4000,NE@SF,NE,SF,,,,,,WR/FLEX
107295-128515,RB,Ellis,Ellis Merriweather,Merriweather,,0,4000,MIN@GB,GB,MIN,,,,,,RB/FLEX
107295-60930,RB,Myles,Myles Gaskin,Gaskin,-0.15000000596046448,2,4000,MIN@GB,MIN,GB,,,,,,RB/FLEX
107295-114180,WR,David,David Bell,Bell,4.199999809265137,1,4000,CLE@LV,CLE,LV,IR,Hip,,,,WR/FLEX
107295-62994,WR,Steven,Steven Sims,Sims,0,2,4000,JAC@HOU,HOU,JAC,,,,,,WR/FLEX
107295-185878,RB,Elijah,Elijah Dotson,Dotson,0.9666666984558105,3,4000,KC@LAC,LAC,KC,,,,,,RB/FLEX
107295-89627,WR,Brycen,Brycen Tremayne,Tremayne,,0,4000,WAS@ARI,WAS,ARI,,,,,,WR/FLEX
107295-34331,RB,Latavius,Latavius Murray,Murray,4.758823619169347,17,4000,BUF@BAL,BUF,BAL,,,,,,RB/FLEX
107295-138782,RB,Dillon,Dillon Johnson,Johnson,,0,4000,CIN@CAR,CAR,CIN,,,,,,RB/FLEX
107295-73247,RB,Kene,Kene Nwangwu,Nwangwu,0.1444444391462538,9,4000,DEN@NYJ,NYJ,DEN,,,,,,RB/FLEX
107295-103966,TE,Stone,Stone Smartt,Smartt,2.076923076923077,13,4000,KC@LAC,LAC,KC,,,,,,TE/FLEX
107295-138786,WR,Malik,Malik Heath,Heath,2,13,4000,MIN@GB,GB,MIN,,,,,,WR/FLEX
107295-185889,TE,Tanner,Tanner Taula,Taula,,0,4000,PHI@TB,TB,PHI,,,,,,TE/FLEX
107295-138788,WR,Tulu,Tulu Griffin,Griffin,,0,4000,CLE@LV,CLE,LV,,,,,,WR/FLEX
107295-69168,WR,N'Keal,N'Keal Harry,Harry,0,1,4000,MIN@GB,MIN,GB,,,,,,WR/FLEX
107295-69173,TE,Hunter,Hunter Kampmoyer,Kampmoyer,,0,4000,DEN@NYJ,DEN,NYJ,,,,,,TE/FLEX
107295-60981,TE,Charlie,Charlie Heck,Heck,,0,4000,WAS@ARI,ARI,WAS,,,,,,TE/FLEX
107295-91709,RB,Deshaun,Deshaun Fenwick,Fenwick,,0,4000,NE@SF,NE,SF,,,,,,RB/FLEX
107295-87617,WR,Sage,Sage Surratt,Surratt,,0,4000,WAS@ARI,ARI,WAS,Q,Ankle,,,,WR/FLEX
107295-87621,WR,A.T.,A.T. Perry,Perry,6.066666497124566,9,4000,NO@ATL,NO,ATL,Q,Hamstring,,,,WR/FLEX
107295-71241,WR,Brandon,Brandon Johnson,Johnson,6.3900001525878904,10,4000,PIT@IND,PIT,IND,,,,,,WR/FLEX
107295-104008,TE,Stephen,Stephen Carlson,Carlson,0,1,4000,LAR@CHI,CHI,LAR,,,,,,TE/FLEX
107295-114252,WR,Xavier,Xavier Weaver,Weaver,,0,4000,WAS@ARI,ARI,WAS,,,,,,WR/FLEX
107295-71246,WR,Marquez,Marquez Callaway,Callaway,,0,4000,NO@ATL,NO,ATL,,,,,,WR/FLEX
107295-104019,TE,Matt,Matt Orzech,Orzech,0,1,4000,MIN@GB,GB,MIN,,,,,,TE/FLEX
107295-87634,TE,Blake,Blake Whiteheart,Whiteheart,0,2,4000,CLE@LV,CLE,LV,,,,,,TE/FLEX
107295-63078,RB,Ke'Shawn,Ke'Shawn Vaughn,Vaughn,0.9000000158945719,6,4000,NE@SF,SF,NE,,,,,,RB/FLEX
107295-87657,WR,Seth,Seth Williams,Williams,,0,4000,JAC@HOU,JAC,HOU,,,,,,WR/FLEX
107295-147049,TE,Drew,Drew Ogletree,Ogletree,1.7000000476837158,1,4000,PIT@IND,IND,PIT,,,,,,TE/FLEX
107295-95854,WR,Montrell,Montrell Washington,Washington,0,4,4000,KC@LAC,KC,LAC,,,,,,WR/FLEX
107295-56947,TE,Chris,Chris Myarick,Myarick,,0,4000,JAC@HOU,HOU,JAC,,,,,,TE/FLEX
107295-87668,WR,Shedrick,Shedrick Jackson,Jackson,0,2,4000,CIN@CAR,CIN,CAR,,,,,,WR/FLEX
107295-104054,RB,Sincere,Sincere McCormick,McCormick,,0,4000,CLE@LV,LV,CLE,,,,,,RB/FLEX
107295-128633,RB,Kimani,Kimani Vidal,Vidal,,0,4000,KC@LAC,LAC,KC,,,,,,RB/FLEX
107295-38523,TE,Geoff,Geoff Swaim,Swaim,1.5999999576144748,9,4000,CLE@LV,CLE,LV,,,,,,TE/FLEX
107295-87690,TE,Sal,Sal Cannella,Cannella,,0,4000,PHI@TB,TB,PHI,,,,,,TE/FLEX
107295-61072,WR,Stanley,Stanley Morgan Jr.,Morgan Jr.,0,1,4000,NO@ATL,NO,ATL,,,,,,WR/FLEX
107295-93853,WR,Thayer,Thayer Thomas,Thomas,,0,4000,MIN@GB,MIN,GB,,,,,,WR/FLEX
107295-87711,TE,John Samuel,John Samuel Shenker,Shenker,,0,4000,CLE@LV,LV,CLE,,,,,,TE/FLEX
107295-65182,TE,Mitchell,Mitchell Wilcox,Wilcox,0.9181818528608843,11,4000,NE@SF,NE,SF,,,,,,TE/FLEX
107295-93862,RB,Trent,Trent Pennix,Pennix,,0,4000,PIT@IND,IND,PIT,Q,Groin,,,,RB/FLEX
107295-85672,WR,Terrace,Terrace Marshall Jr.,Marshall Jr.,2.924999952316284,8,4000,NE@SF,SF,NE,,,,,,WR/FLEX
107295-69295,WR,Byron,Byron Pringle,Pringle,1.6230769524207482,13,4000,WAS@ARI,WAS,ARI,,,,,,WR/FLEX
107295-87731,WR,Dominique,Dominique Robinson,Robinson,0,3,4000,LAR@CHI,CHI,LAR,,,,,,WR/FLEX
107295-52916,WR,Russell,Russell Gage,Gage,,0,4000,BUF@BAL,BAL,BUF,,,,,,WR/FLEX
107295-52917,WR,DJ,DJ Chark,Chark,6.533333333333333,15,4000,KC@LAC,LAC,KC,IR,Hip,,,,WR/FLEX
107295-85687,WR,Jontre,Jontre Kirklin,Kirklin,,0,4000,NE@SF,SF,NE,,,,,,WR/FLEX
107295-69303,WR,Freddie,Freddie Swain,Swain,,0,4000,LAR@CHI,CHI,LAR,Q,Undisclosed,,,,WR/FLEX
107295-69302,TE,Feleipe,Feleipe Franks,Franks,,0,4000,CIN@CAR,CAR,CIN,,,,,,TE/FLEX
107295-89785,RB,Spencer,Spencer Brown,Brown,,0,4000,NO@ATL,ATL,NO,,,,,,RB/FLEX
107295-61112,TE,Josiah,Josiah Deguara,Deguara,1.2999999523162842,1,4000,JAC@HOU,JAC,HOU,,,,,,TE/FLEX
107295-116416,WR,Isaiah,Isaiah Wooden,Wooden,,0,4000,KC@LAC,LAC,KC,,,,,,WR/FLEX
107295-110274,WR,Bub,Bub Means,Means,0,1,4000,NO@ATL,NO,ATL,,,,,,WR/FLEX
107295-30403,WR,Chris,Chris Conley,Conley,0.8999999761581421,1,4000,NE@SF,SF,NE,,,,,,WR/FLEX
107295-71367,RB,La'Mical,La'Mical Perine,Perine,6.25,2,4000,MIN@GB,GB,MIN,,,,,,RB/FLEX
107295-112328,TE,Mason,Mason Fairchild,Fairchild,,0,4000,NO@ATL,NO,ATL,,,,,,TE/FLEX
107295-167625,WR,Hamze,Hamze El-Zayat,El-Zayat,,0,4000,DEN@NYJ,NYJ,DEN,Q,Undisclosed,,,,WR/FLEX
107295-93898,WR,Devin,Devin Carter,Carter,,0,4000,CIN@CAR,CAR,CIN,Q,Undisclosed,,,,WR/FLEX
107295-71372,WR,Tyrie,Tyrie Cleveland,Cleveland,,0,4000,PIT@IND,IND,PIT,,,,,,WR/FLEX
107295-65231,RB,Adam,Adam Prentice,Prentice,0,1,4000,NO@ATL,NO,ATL,,,,,,RB/FLEX
107295-63186,WR,James,James Proche II,Proche II,0,2,4000,CLE@LV,CLE,LV,,,,,,WR/FLEX
107295-89814,TE,Gerrit,Gerrit Prince,Prince,,0,4000,KC@LAC,KC,LAC,Q,Lower leg,,,,TE/FLEX
107295-89817,WR,Austin,Austin Watkins Jr.,Watkins Jr.,,0,4000,PHI@TB,PHI,TB,,,,,,WR/FLEX
107295-85720,WR,Jaray,Jaray Jenkins,Jenkins,,0,4000,PIT@IND,PIT,IND,,,,,,WR/FLEX
107295-71386,TE,Jordan,Jordan Thomas,Thomas,0,1,4000,NO@ATL,ATL,NO,,,,,,TE/FLEX
107295-147168,WR,Chris,Chris Blair,Blair,,0,4000,NO@ATL,ATL,NO,,,,,,WR/FLEX
107295-104165,RB,Lew,Lew Nichols,Nichols,,0,4000,PHI@TB,PHI,TB,,,,,,RB/FLEX
107295-85741,RB,Clyde,Clyde Edwards-Helaire,Edwards-Helaire,3.3799999237060545,20,4000,KC@LAC,KC,LAC,IR,Illness,,,,RB/FLEX
107295-104176,WR,Deonte,Deonte Harty,Harty,0,3,4000,BUF@BAL,BAL,BUF,,,,,,WR/FLEX
107295-202481,WR,David,David Wallis,Wallis,,0,4000,NE@SF,NE,SF,,,,,,WR/FLEX
107295-26355,TE,Logan,Logan Thomas,Thomas,6.206250190734863,16,4000,NE@SF,SF,NE,,,,,,TE/FLEX
107295-112373,TE,Dylan,Dylan Leonard,Leonard,,0,4000,DEN@NYJ,DEN,NYJ,Q,Hamstring,,,,TE/FLEX
107295-61172,TE,Tyler,Tyler Davis,Davis,,0,4000,MIN@GB,GB,MIN,IR,Shoulder,,,,TE/FLEX
107295-87796,WR,Jaelen,Jaelen Gill,Gill,,0,4000,KC@LAC,LAC,KC,,,,,,WR/FLEX
107295-91897,WR,Ethan,Ethan Fernea,Fernea,,0,4000,PIT@IND,IND,PIT,Q,Undisclosed,,,,WR/FLEX
107295-85759,TE,Curtis,Curtis Hodges,Hodges,0,1,4000,CIN@CAR,CAR,CIN,Q,Undisclosed,,,,TE/FLEX
107295-91902,WR,Kyle,Kyle Philips,Philips,2.950000047683716,8,4000,PHI@TB,PHI,TB,,,,,,WR/FLEX
107295-85762,RB,Eno,Eno Benjamin,Benjamin,,0,4000,NO@ATL,NO,ATL,,,,,,RB/FLEX
107295-136970,WR,Danny,Danny Gray,Gray,,0,4000,PHI@TB,PHI,TB,,,,,,WR/FLEX
107295-55050,RB,Christian,Christian McCaffrey,McCaffrey,23.01578883120888,19,4000,NE@SF,SF,NE,IR,Achilles,,,,RB/FLEX
107295-91923,WR,Kazmeir,Kazmeir Allen,Allen,,0,4000,WAS@ARI,WAS,ARI,,,,,,WR/FLEX
107295-71444,RB,Travis,Travis Homer,Homer,0.800000011920929,2,4000,LAR@CHI,CHI,LAR,IR,Finger,,,,RB/FLEX
107295-40726,RB,Godwin,Godwin Igwebuike,Igwebuike,0,8,4000,PIT@IND,PIT,IND,,,,,,RB/FLEX
107295-110380,RB,Keilan,Keilan Robinson,Robinson,,0,4000,JAC@HOU,JAC,HOU,IR,Toe,,,,RB/FLEX
107295-55088,WR,Malik,Malik Turner,Turner,,0,4000,NE@SF,SF,NE,Q,Undisclosed,,,,WR/FLEX
107295-202544,WR,Derek,Derek Slywka,Slywka,,0,4000,PIT@IND,IND,PIT,,,,,,WR/FLEX
107295-89912,RB,Blake,Blake Watson,Watson,,0,4000,DEN@NYJ,DEN,NYJ,,,,,,RB/FLEX
107295-69451,TE,Jack,Jack Stoll,Stoll,1.0500000317891438,6,4000,PHI@TB,PHI,TB,,,,,,TE/FLEX
107295-87882,WR,Daniel,Daniel Arias,Arias,,0,4000,WAS@ARI,ARI,WAS,,,,,,WR/FLEX
107295-120657,RB,Kendre,Kendre Miller,Miller,4.787499904632568,8,4000,NO@ATL,NO,ATL,IR,Hamstring,,,,RB/FLEX
107295-87890,WR,Dimitri,Dimitri Stanley,Stanley,,0,4000,MIN@GB,GB,MIN,,,,,,WR/FLEX
107295-91989,RB,Jordan,Jordan Mims,Mims,1.100000023841858,1,4000,NO@ATL,NO,ATL,,,,,,RB/FLEX
107295-104278,TE,Donald,Donald Parham Jr.,Parham Jr.,5.5,12,4000,DEN@NYJ,DEN,NYJ,,,,,,TE/FLEX
107295-104289,WR,Malik,Malik Taylor,Taylor,1.149999976158142,2,4000,DEN@NYJ,NYJ,DEN,IR,Undisclosed,,,,WR/FLEX
107295-114530,WR,Jacob,Jacob Cowing,Cowing,0,3,4000,NE@SF,SF,NE,Q,Illness,,,,WR/FLEX
107295-192358,TE,Shawn,Shawn Bowman,Bowman,,0,4000,JAC@HOU,JAC,HOU,,,,,,TE/FLEX
107295-192359,WR,JaQuae,JaQuae Jackson,Jackson,,0,4000,NE@SF,NE,SF,IR,Knee,,,,WR/FLEX
107295-89964,WR,Justyn,Justyn Ross,Ross,1.1857143129621233,7,4000,KC@LAC,KC,LAC,,,,,,WR/FLEX
107295-14190,WR,Julio,Julio Jones,Jones,3.459999847412109,10,4000,PHI@TB,PHI,TB,Q,Concussion,,,,WR/FLEX
107295-85881,RB,Mohamed,Mohamed Ibrahim,Ibrahim,0,1,4000,MIN@GB,MIN,GB,,,,,,RB/FLEX
107295-112506,WR,Lincoln,Lincoln Victor,Victor,,0,4000,DEN@NYJ,DEN,NYJ,,,,,,WR/FLEX
107295-114557,WR,Cornelius,Cornelius Johnson,Johnson,,0,4000,MIN@GB,GB,MIN,,,,,,WR/FLEX
107295-94087,RB,DeeJay,DeeJay Dallas,Dallas,6,1,4000,WAS@ARI,ARI,WAS,,,,,,RB/FLEX
107295-89997,WR,Michael,Michael Woods II,Woods II,,0,4000,CLE@LV,CLE,LV,,,,,,WR/FLEX
107295-69516,TE,Miller,Miller Forristall,Forristall,,0,4000,LAR@CHI,LAR,CHI,,,,,,TE/FLEX
107295-94094,TE,Brevin,Brevin Jordan,Jordan,0.8500000238418579,2,4000,JAC@HOU,HOU,JAC,IR,Knee - acl,,,,TE/FLEX
107295-128913,WR,Malachi,Malachi Corley,Corley,0.8999999761581421,1,4000,DEN@NYJ,NYJ,DEN,,,,,,WR/FLEX
107295-128912,WR,Mitchell,Mitchell Tinsley,Tinsley,0,1,4000,WAS@ARI,WAS,ARI,,,,,,WR/FLEX
107295-94099,RB,Robert,Robert Burns,Burns,,0,4000,NO@ATL,ATL,NO,NA,Undisclosed,,,,RB/FLEX
107295-141201,WR,Raleigh,Raleigh Webb,Webb,,0,4000,PHI@TB,TB,PHI,,,,,,WR/FLEX
107295-92056,TE,Cal,Cal Adomitis,Adomitis,0,2,4000,CIN@CAR,CIN,CAR,,,,,,TE/FLEX
107295-104357,WR,Jeff,Jeff Foreman,Foreman,,0,4000,CLE@LV,LV,CLE,IR,Knee,,,,WR/FLEX
107295-94116,TE,Will,Will Mallory,Mallory,2.4750000635782876,12,4000,PIT@IND,IND,PIT,,,,,,TE/FLEX
107295-34729,RB,Dwayne,Dwayne Washington,Washington,0,1,4000,DEN@NYJ,DEN,NYJ,Q,Illness,,,,RB/FLEX
107295-63419,WR,Andy,Andy Isabella,Isabella,0,2,4000,BUF@BAL,BUF,BAL,,,,,,WR/FLEX
107295-92093,WR,Jaelon,Jaelon Darden,Darden,0,1,4000,CLE@LV,CLE,LV,,,,,,WR/FLEX
107295-32703,WR,Jakeem,Jakeem Grant Sr.,Grant Sr.,,0,4000,NO@ATL,ATL,NO,Q,Undisclosed,,,,WR/FLEX
107295-65477,TE,Giovanni,Giovanni Ricci,Ricci,0.3499999940395355,2,4000,CLE@LV,CLE,LV,Q,Knee,,,,TE/FLEX
107295-169937,WR,Lance,Lance McCutcheon,McCutcheon,,0,4000,DEN@NYJ,NYJ,DEN,,,,,,WR/FLEX
107295-73687,WR,Quez,Quez Watkins,Watkins,5.066666603088379,6,4000,PIT@IND,PIT,IND,,,,,,WR/FLEX
107295-30678,WR,Damiere,Damiere Byrd,Byrd,0,1,4000,BUF@BAL,BUF,BAL,,,,,,WR/FLEX
107295-112604,WR,Xavier,Xavier White,White,,0,4000,PIT@IND,IND,PIT,,,,,,WR/FLEX
107295-167901,WR,Reggie,Reggie Brown,Brown,,0,4000,KC@LAC,KC,LAC,,,,,,WR/FLEX
107295-104421,TE,Jesper,Jesper Horsted,Horsted,0.29999999205271405,3,4000,CIN@CAR,CAR,CIN,,,,,,TE/FLEX
107295-85994,TE,Dalton,Dalton Keene,Keene,,0,4000,JAC@HOU,HOU,JAC,IR,Knee - acl,,,,TE/FLEX
107295-71662,WR,DJ,DJ Turner,Turner,0.5333333412806193,3,4000,CLE@LV,LV,CLE,,,,,,WR/FLEX
107295-63479,RB,John,John Kelly Jr.,Kelly Jr.,0,1,4000,BUF@BAL,BAL,BUF,,,,,,RB/FLEX
107295-96254,TE,Nick,Nick Muse,Muse,0,1,4000,MIN@GB,MIN,GB,IR,Hand,,,,TE/FLEX
107295-12533,D,Green Bay,Green Bay Packers,Packers,13,3,3900,MIN@GB,GB,MIN,,,,,,DEF
107295-12545,D,Philadelphia,Philadelphia Eagles,Eagles,3.6666666666666665,3,3900,PHI@TB,PHI,TB,,,,,,DEF
107295-12526,D,Buffalo,Buffalo Bills,Bills,12.333333333333334,3,3800,BUF@BAL,BUF,BAL,,,,,,DEF
107295-12555,D,Baltimore,Baltimore Ravens,Ravens,5.333333333333333,3,3800,BUF@BAL,BAL,BUF,,,,,,DEF
107295-12537,D,Las Vegas,Las Vegas Raiders,Raiders,1,3,3700,CLE@LV,LV,CLE,,,,,,DEF
107295-12551,D,Tampa Bay,Tampa Bay Buccaneers,Buccaneers,3.3333333333333335,3,3700,PHI@TB,TB,PHI,,,,,,DEF
107295-12554,D,Jacksonville,Jacksonville Jaguars,Jaguars,1.6666666666666667,3,3600,JAC@HOU,JAC,HOU,,,,,,DEF
107295-12552,D,Washington,Washington Commanders,Commanders,0.6666666666666666,3,3500,WAS@ARI,WAS,ARI,,,,,,DEF
107295-12531,D,Denver,Denver Broncos,Broncos,10.333333333333334,3,3400,DEN@NYJ,DEN,NYJ,,,,,,DEF
107295-12525,D,Atlanta,Atlanta Falcons,Falcons,2.6666666666666665,3,3300,NO@ATL,ATL,NO,,,,,,DEF
107295-12548,D,Los Angeles,Los Angeles Chargers,Chargers,10,3,3200,KC@LAC,LAC,KC,,,,,,DEF
107295-12541,D,New England,New England Patriots,Patriots,5.333333333333333,3,3100,NE@SF,NE,SF,,,,,,DEF
107295-12553,D,Carolina,Carolina Panthers,Panthers,3,3,3000,CIN@CAR,CAR,CIN,,,,,,DEF